路線名	路線別名	路線管理者	路線備考	料金所	料金所備考	路線番号	料金所番号
道央自動車道				大沼公園本線		05	020
道央自動車道				森		05	019
道央自動車道				落部		05	018
道央自動車道				八雲		05	017
道央自動車道				国縫		05	016
道央自動車道				長万部		05	015
道央自動車道				黒松内ＪＣＴ		05	214
道央自動車道				豊浦		05	014
道央自動車道				虻田洞爺湖		05	213
道央自動車道				伊達		05	012
道央自動車道				室蘭		05	011
道央自動車道				登別室蘭		05	010
道央自動車道				登別東		05	009
道央自動車道				白老		05	008
道央自動車道				苫小牧西		05	007
道央自動車道				苫小牧中央		05	023
道央自動車道				苫小牧東		05	006
道央自動車道				新千歳空港		05	021
道央自動車道				千歳		05	005
道央自動車道				恵庭		05	004
道央自動車道				輪厚スマート		05	022
道央自動車道				北広島		05	003
道央自動車道				札幌南		05	002
道央自動車道				札幌南（下り）		05	184
道央自動車道				札幌南本線（上り）		05	002
道央自動車道				札幌南本線（下り）		05	001
道央自動車道				大谷地		05	181
道央自動車道				北郷		05	180
道央自動車道				札幌本線（上り）		05	100
道央自動車道				札幌本線（下り）		05	101
道央自動車道				札幌		05	101
道央自動車道				札幌		05	901
道央自動車道				江別西		05	102
道央自動車道				江別西		05	902
道央自動車道				江別東		05	103
道央自動車道				江別東		05	903
道央自動車道				岩見沢		05	104
道央自動車道				岩見沢		05	904
道央自動車道				三笠		05	105
道央自動車道				三笠		05	905
道央自動車道				美唄		05	106
道央自動車道				美唄		05	906
道央自動車道				奈井江砂川		05	107
道央自動車道				奈井江砂川		05	907
道央自動車道				滝川		05	108
道央自動車道				滝川		05	908
道央自動車道				砂川ＳＡスマート		05	115
道央自動車道				砂川ＳＡスマート		05	915
道央自動車道				深川		05	109
道央自動車道				深川		05	909
道央自動車道				旭川鷹栖		05	110
道央自動車道				旭川鷹栖		05	910
道央自動車道				旭川北		05	111
道央自動車道				旭川北		05	911
道央自動車道				和寒		05	112
道央自動車道				和寒		05	912
道央自動車道				士別剣淵本線		05	114
道央自動車道				士別剣淵本線		05	914
道央自動車道				比布ＪＣＴ		05	120
道央自動車道				比布ＪＣＴ		05	920
道央自動車道				苫小牧東本線		05	186
道央自動車道				深川西本線		05	185
道央自動車道				深川西本線		05	985
道東自動車道				千歳東		05	151
道東自動車道				追分町		05	152
道東自動車道				夕張		05	153
道東自動車道				むかわ穂別		05	154
道東自動車道				占冠		05	155
道東自動車道				トマム		05	356
道東自動車道				十勝清水		05	357
道東自動車道				芽室		05	358
道東自動車道				帯広ＪＣＴ		05	396
道東自動車道				音更帯広		05	359
道東自動車道				池田	音更帯広・占冠方向	05	360
道東自動車道				池田	本別・足寄方向	16	262
道東自動車道				本別・足寄		05	361
後志自動車				余市		05	129
後志自動車				余市	休日割引または深夜割引適用時	05	529
後志自動車				小樽塩谷		05	128
札樽自動車道				小樽		05	131
札樽自動車道				朝里		05	932
札樽自動車道				朝里	通勤割引適用時	05	832
札樽自動車道				朝里	深夜割引適用時	05	532
札樽自動車道				朝里		05	132
札樽自動車道				朝里本線		05	132
札樽自動車道				銭函		05	133
札樽自動車道				銭函		05	233
札樽自動車道				銭函		05	333
札樽自動車道				手稲		05	134
札樽自動車道				札幌西		05	135
札樽自動車道				札幌西本線		05	136
札樽自動車道				札幌西本線		05	936
札樽自動車道				新川		05	137
札樽自動車道				札幌北第二		05	138
札樽自動車道				札幌北第一		05	139
札樽自動車道				伏古		05	140
札樽自動車道				雁来		05	141
三陸自動車道				仙台港北		07	034
三陸自動車道				多賀城		04	596
三陸自動車道				利府塩釜		07	036
三陸自動車道     	仙台松島道路	宮城県道路公社		利府中		07	037
三陸自動車道     	仙台松島道路	宮城県道路公社		松島海岸		07	038
三陸自動車道     	仙台松島道路	宮城県道路公社		松島大郷第一・第二		07	140
三陸自動車道     	仙台松島道路	宮城県道路公社		松島北		07	041
三陸自動車道     	仙台松島道路	宮城県道路公社		鳴瀬奥松島本線		07	035
仙台北部道路				利府しらかし台		07	078
仙台北部道路				富谷		07	892
仙台東部道路				亘理		07	028
仙台東部道路				岩沼		07	029
仙台東部道路				仙台空港		07	030
仙台東部道路				名取中央スマート		04	132
仙台東部道路				名取		07	031
仙台東部道路				仙台東		07	032
仙台東部道路				仙台港		07	033
仙台南部道路				山田		07	082
仙台南部道路				長町		07	081
仙台南部道路				今泉		07	080
東北自動車道				浦和本線（上り）		07	900
東北自動車道				浦和本線（下り）		07	901
東北自動車道				浦和		07	902
東北自動車道				浦和（均一入口）		11	500
東北自動車道				浦和（均一出口）		11	700
東北自動車道				岩槻		07	903
東北自動車道				蓮田スマート		07	898
東北自動車道				久喜		07	904
東北自動車道				加須		07	905
東北自動車道				羽生		07	954
東北自動車道				館林		07	906
東北自動車道				佐野藤岡		07	907
東北自動車道				佐野ＳＡスマート		07	894
東北自動車道				栃木		07	908
東北自動車道				鹿沼		07	909
東北自動車道				宇都宮		07	910
東北自動車道				上河内スマート		07	478
東北自動車道				矢板		07	911
東北自動車道				矢板北スマート		07	882
東北自動車道				西那須野塩原		07	912
東北自動車道				黒磯板室		07	899
東北自動車道				那須		07	913
東北自動車道				那須高原スマート		07	479
東北自動車道				白河		07	914
東北自動車道				白河中央スマート		07	897
東北自動車道				矢吹		07	915
東北自動車道				鏡石スマート		07	575
東北自動車道				須賀川		07	916
東北自動車道				郡山南		07	917
東北自動車道				郡山中央スマート		07	890
東北自動車道				郡山		07	918
東北自動車道				本宮		07	919
東北自動車道				二本松		07	920
東北自動車道				福島松川スマート		07	445
東北自動車道				福島西		07	921
東北自動車道				福島JCT		07	891
東北自動車道				福島飯坂		07	922
東北自動車道				桑折JCT		01	988
東北自動車道				国見		07	923
東北自動車道				白石		07	924
東北自動車道				村田		07	925
東北自動車道				仙台南		07	050
東北自動車道				仙台宮城		07	928
東北自動車道				泉ＰＡスマート		07	956
東北自動車道				泉		07	929
東北自動車道				大和		07	930
東北自動車道				大衡		07	895
東北自動車道				三本木スマート		07	896
東北自動車道				古川		07	931
東北自動車道				長者原スマート		07	447
東北自動車道				築館		07	932
東北自動車道				若柳金成		07	933
東北自動車道				一関		07	934
東北自動車道				平泉前沢		07	935
東北自動車道				奥州スマート		04	575
東北自動車道				水沢		07	936
東北自動車道				北上金ヶ崎		07	937
東北自動車道				北上江釣子		07	938
東北自動車道				花巻南		07	959
東北自動車道				花巻		07	939
東北自動車道				紫波		07	940
東北自動車道				矢巾スマート		04	574
東北自動車道				盛岡南		07	941
東北自動車道				盛岡		07	942
東北自動車道				滝沢中央スマート		07	886
東北自動車道				滝沢		07	943
東北自動車道				西根		07	944
東北自動車道				松尾八幡平		07	945
東北自動車道				安代		07	946
東北自動車道				鹿角八幡平		07	947
東北自動車道				十和田		07	948
東北自動車道				小坂		07	955
東北自動車道				小坂JCT		07	990
東北自動車道				碇ヶ関		07	949
東北自動車道				大鰐弘前		07	950
東北自動車道				黒石		07	951
東北自動車道				浪岡		07	952
東北自動車道				青森		07	953
八戸自動車道				浄法寺		07	960
八戸自動車道				一戸		07	961
八戸自動車道				九戸		07	962
八戸自動車道				軽米		07	963
八戸自動車道				南郷		07	964
八戸自動車道				八戸		07	965
八戸自動車道				八戸北		07	966
八戸自動車道				八戸西スマート		07	888
八戸自動車道				八戸ＪＣＴ		07	991
青森自動車道				青森中央		07	957
青森自動車道				青森中央本線		07	958
東京外環自動車道				道大泉		10	031
東京外環自動車道				道大泉		03	231
東京外環自動車道				和光第一		10	032
東京外環自動車道				和光第一		03	232
東京外環自動車道				和光第二		10	033
東京外環自動車道				和光第二		03	233
東京外環自動車道				和光北第一		10	034
東京外環自動車道				和光北第一		03	234
東京外環自動車道				和光北第二		10	035
東京外環自動車道				和光北第二		03	235
東京外環自動車道				戸田西		10	036
東京外環自動車道				戸田西		03	236
東京外環自動車道				美女木第一		10	037
東京外環自動車道				美女木第一		03	237
東京外環自動車道				美女木第二		10	038
東京外環自動車道				美女木第二		03	238
東京外環自動車道				戸田東		10	039
東京外環自動車道				戸田東		03	239
東京外環自動車道				外環浦和		10	040
東京外環自動車道				外環浦和		03	240
東京外環自動車道				川口西		10	041
東京外環自動車道				川口西		03	241
東京外環自動車道				川口中央		10	042
東京外環自動車道				川口中央		03	242
東京外環自動車道				川口ＪＣＴ第一		10	043
東京外環自動車道				川口ＪＣＴ第一		03	243
東京外環自動車道				川口ＪＣＴ第二		10	044
東京外環自動車道				川口ＪＣＴ第二		03	244
東京外環自動車道				川口東		10	045
東京外環自動車道				川口東		03	245
東京外環自動車道				草加第一		10	046
東京外環自動車道				草加第一		03	246
東京外環自動車道				草加第二		10	047
東京外環自動車道				草加第二		03	247
東京外環自動車道				外環三郷西		10	049
東京外環自動車道				外環三郷西		03	249
東京外環自動車道				外環三郷西		03	260
東京外環自動車道				外環三郷東	2018/6/2より「三郷中央」へ名称変更	10	050
東京外環自動車道				外環三郷東	2018/6/2より「三郷中央」へ名称変更	03	259
東京外環自動車道				三郷中央		03	261
東京外環自動車道				三郷南		10	051
東京外環自動車道				三郷南		03	251
東京外環自動車道				松戸		10	052
東京外環自動車道				松戸		03	252
東京外環自動車道				市川北		10	053
東京外環自動車道				市川北		03	253
東京外環自動車道				市川中央		10	054
東京外環自動車道				市川中央		03	254
東京外環自動車道				外環京葉ＪＣＴ第一		10	056
東京外環自動車道				外環京葉ＪＣＴ第一		03	256
東京外環自動車道				外環京葉ＪＣＴ第二		10	055
東京外環自動車道				外環京葉ＪＣＴ第二	京葉道路の入口「京葉ＪＣＴ下り」と同一のＥＴＣアンテナであるため共通の番号を使用。ＥＴＣ利用履歴発行プリンターでは「京葉ＪＣＴ下り」として表記	03	255
東京外環自動車道				市川南		10	057
東京外環自動車道				市川南		03	257
東京外環自動車道				高谷ＪＣＴ		10	058
東京外環自動車道				高谷ＪＣＴ		03	258
秋田自動車道				北上西		07	971
秋田自動車道				湯田		07	972
秋田自動車道				横手		07	973
秋田自動車道				横手北スマート		07	887
秋田自動車道				大曲		07	974
秋田自動車道				西仙北スマート		07	926
秋田自動車道				協和		07	975
秋田自動車道				秋田南		07	976
秋田自動車道				秋田中央		07	977
秋田自動車道				秋田北		07	978
秋田自動車道				昭和男鹿半島		07	979
秋田自動車道				五城目八郎潟		07	968
秋田自動車道				琴丘森岳		07	969
秋田自動車道				琴丘森岳本線		07	669
山形自動車道				宮城川崎		07	980
山形自動車道				笹谷		07	981
山形自動車道				関沢		07	982
山形自動車道				山形蔵王		07	983
山形自動車道				山形北		07	984
山形自動車道				寒河江		07	985
山形自動車道				寒河江ＳＡスマート		07	444
山形自動車道				西川		07	986
山形自動車道				西川本線		07	987
山形自動車道				湯殿山		27	988
山形自動車道				湯殿山		27	888
山形自動車道				鶴岡		27	579
山形自動車道				鶴岡		27	679
山形自動車道				鶴岡本線	「庄内空港」から「庄内あさひ」方向へ利用時	27	001
山形自動車道				鶴岡本線	「庄内あさひ」から「庄内空港」方向へ利用時	27	002
山形自動車道				鶴岡本線		27	570
山形自動車道				鶴岡本線		27	670
磐越自動車道				いわき三和		07	676
磐越自動車道				小野		07	677
磐越自動車道				田村スマート		07	885
磐越自動車道				船引三春		07	678
磐越自動車道				郡山東		07	679
磐越自動車道				磐梯熱海		07	680
磐越自動車道				猪苗代磐梯高原		07	681
磐越自動車道				磐梯河東		07	682
磐越自動車道				会津若松		07	683
磐越自動車道				新鶴スマート		07	480
磐越自動車道				会津坂下		07	684
磐越自動車道				西会津		07	685
磐越自動車道				津川		01	686
磐越自動車道				三川		01	687
磐越自動車道				安田		01	688
磐越自動車道				新津		01	689
磐越自動車道				新津西スマート		07	690
磐越自動車道				新潟中央		01	670
日本海東北自動車道				秋田空港		07	589
日本海東北自動車道				秋田空港本線		07	288
日本海東北自動車道				中条本線		01	570
日本海東北自動車道				中条		01	573
日本海東北自動車道				聖籠新発田		01	572
日本海東北自動車道				豊栄新潟東港		01	571
日本海東北自動車道				豊栄スマート		01	574
日本海東北自動車道				新潟空港		01	629
日本海東北自動車道				新潟東スマート		07	692
日本海東北自動車道				新潟亀田		01	628
日本海東北自動車道				鶴岡ＪＣＴ		27	101
日本海東北自動車道				酒田		27	581
日本海東北自動車道				酒田		27	681
日本海東北自動車道				酒田本線	～Ｈ27.11.13まで 「酒田みなと」から「庄内空港」方向へ利用時	27	003
日本海東北自動車道				酒田本線	～Ｈ27.11.13まで 「庄内空港」から「酒田みなと」方向へ利用時	27	004
日本海東北自動車道				酒田本線	Ｈ27.11.14～ 「酒田中央」から「庄内空港」方向へ利用時	27	005
日本海東北自動車道				酒田本線	H27.11.14～ 「庄内空港」から「酒田中央」方向へ利用時	27	006
日本海東北自動車道				酒田本線		27	583
日本海東北自動車道				酒田本線		27	683
日本海東北自動車道				酒田みなと		27	585
釜石自動車道				花巻空港		07	672
釜石自動車道				花巻空港本線		07	289
東北中央自動車道				山形中央		07	435
東北中央自動車道				山形上山		07	434
東北中央自動車道				かみのやま温泉		07	433
東北中央自動車道				天童		07	436
東北中央自動車道				天童本線		07	462
東北中央自動車道				東根	平成29年12月1日迄	07	437
関越自動車道				新座本線（上り）		04	600
関越自動車道				新座本線（下り）		04	601
関越自動車道				所沢		04	603
関越自動車道				三芳スマート		04	576
関越自動車道				川越		04	604
関越自動車道				鶴ヶ島		04	605
関越自動車道				坂戸西スマート		04	595
関越自動車道				東松山		04	606
関越自動車道				嵐山小川		04	602
関越自動車道				花園		04	607
関越自動車道				寄居スマート		04	592
関越自動車道				本庄児玉		04	608
関越自動車道				上里スマート		04	593
関越自動車道				高崎玉村スマート		04	598
関越自動車道				高崎		04	609
関越自動車道				前橋		04	610
関越自動車道				駒寄スマート		04	577
関越自動車道				渋川伊香保		04	611
関越自動車道				赤城		04	612
関越自動車道				昭和		04	671
関越自動車道				沼田		04	613
関越自動車道				月夜野		04	614
関越自動車道				水上		04	615
関越自動車道				湯沢		04	616
関越自動車道				塩沢石打		04	617
関越自動車道				六日町		04	618
関越自動車道				大和スマート		04	674
関越自動車道				小出		04	619
関越自動車道				堀之内		04	650
関越自動車道				越後川口		04	620
関越自動車道				小千谷		04	621
関越自動車道				長岡南越路スマート		04	599
関越自動車道				長岡		04	622
上信越自動車道				藤岡		04	631
上信越自動車道				吉井		04	632
上信越自動車道				富岡		04	633
上信越自動車道				下仁田		04	634
上信越自動車道				松井田妙義		04	635
上信越自動車道				碓氷軽井沢		04	636
上信越自動車道				佐久平スマート		04	578
上信越自動車道				佐久		04	637
上信越自動車道				佐久小諸ＪＣＴ		04	699
上信越自動車道				小諸		04	638
上信越自動車道				東部湯の丸		04	639
上信越自動車道				上田菅平		04	640
上信越自動車道				坂城		04	641
上信越自動車道				長野		04	642
上信越自動車道				須坂長野東		04	643
上信越自動車道				小布施スマート		04	448
上信越自動車道				信州中野		04	644
上信越自動車道				豊田飯山		04	645
上信越自動車道				信濃町		04	646
上信越自動車道				妙高高原		04	647
上信越自動車道				中郷		04	648
上信越自動車道				新井スマート		04	587
上信越自動車道				上越高田		04	649
常磐自動車道				三郷本線（上り）		04	021
常磐自動車道				三郷本線（下り）		04	001
常磐自動車道				三郷スマート		04	268
常磐自動車道				流山		04	018
常磐自動車道				流山		04	028
常磐自動車道				柏		04	002
常磐自動車道				谷和原		04	003
常磐自動車道				谷田部		04	004
常磐自動車道				桜土浦		04	005
常磐自動車道				土浦北		04	006
常磐自動車道				千代田石岡		04	007
常磐自動車道				石岡小美玉スマート		04	030
常磐自動車道				岩間		04	008
常磐自動車道				友部ＳＡスマート		04	033
常磐自動車道				水戸		04	009
常磐自動車道				水戸北スマート		04	026
常磐自動車道				那珂		04	010
常磐自動車道				東海スマート		04	222
常磐自動車道				日立南太田		04	011
常磐自動車道				日立中央		04	019
常磐自動車道				日立北		04	012
常磐自動車道				高萩		04	013
常磐自動車道				北茨城		04	014
常磐自動車道				いわき勿来		04	015
常磐自動車道				いわき湯本		04	016
常磐自動車道				いわき中央		04	017
常磐自動車道				いわき四倉		04	020
常磐自動車道				広野		04	022
常磐自動車道				ならはスマート		04	024
常磐自動車道				常磐富岡		04	023
常磐自動車道				常磐双葉		04	133
常磐自動車道				大熊		04	134
常磐自動車道				浪江		04	124
常磐自動車道				南相馬		04	125
常磐自動車道				南相馬鹿島スマート		04	129
常磐自動車道				相馬		04	126
常磐自動車道				新地		04	127
常磐自動車道				山元南スマート		04	131
常磐自動車道				山元		04	128
常磐自動車道				鳥の海スマート		04	130
東関東自動車道				谷津船橋		03	017
東関東自動車道				習志野本線（上り）		03	043
東関東自動車道				習志野本線（下り）		03	003
東関東自動車道				湾岸習志野		03	002
東関東自動車道				湾岸千葉		03	004
東関東自動車道				宮野木		03	005
東関東自動車道				千葉北		03	006
東関東自動車道				四街道		03	007
東関東自動車道				佐倉		03	008
東関東自動車道				酒々井		03	016
東関東自動車道				富里		03	009
東関東自動車道				成田		03	010
東関東自動車道				大栄		03	012
東関東自動車道				佐原香取		03	013
東関東自動車道				潮来		03	014
東関東自動車道				茨城空港北		04	291
東関東自動車道				鉾田		04	292
館山自動車道				市原		03	021
館山自動車道				姉崎袖ヶ浦		03	022
館山自動車道				木更津北		03	023
館山自動車道				木更津南		03	024
館山自動車道				君津		03	025
館山自動車道				君津スマート		03	020
館山自動車道				富津中央		03	026
新空港自動車道				成田スマート		03	015
新空港自動車道				新空港		03	011
北関東自動車道				前橋南		01	651
北関東自動車道				駒形		01	652
北関東自動車道				波志江スマート		01	339
北関東自動車道				伊勢崎		01	653
北関東自動車道				太田藪塚		01	654
北関東自動車道				太田強戸スマート		04	591
北関東自動車道				太田桐生		01	655
北関東自動車道				足利		01	656
北関東自動車道				佐野田沼		01	657
北関東自動車道				都賀		01	658
北関東自動車道				壬生		01	659
北関東自動車道				宇都宮上三川		01	660
北関東自動車道				真岡		01	661
北関東自動車道				桜川筑西		01	662
北関東自動車道				笠間西		01	663
北関東自動車道				友部		01	664
北関東自動車道				茨城町西		01	665
北関東自動車道				茨城町東		01	666
中央自動車道				三鷹本線	入口	01	401
中央自動車道				高井戸	入口	01	021
中央自動車道				高井戸	入口	01	024
中央自動車道				調布	入口	01	402
中央自動車道				調布	入口	01	025
中央自動車道				稲城	入口	01	389
中央自動車道				府中スマート	入口	01	466
中央自動車道				国立府中	入口	01	403
中央自動車道				国立府中	入口	01	027
中央自動車道				八王子（均一）	入口　	01	404
中央自動車道				八王子（均一）	入口　	01	294
中央自動車道				高井戸本線	出口	03	200
中央自動車道				高井戸	出口	01	272
中央自動車道				高井戸	出口	03	201
中央自動車道				調布	出口	01	269
中央自動車道				調布	出口	03	202
中央自動車道				稲城	出口	01	270
中央自動車道				稲城	出口	03	209
中央自動車道				府中スマート	出口	01	266
中央自動車道				府中スマート	出口	03	206
中央自動車道				国立府中	出口	01	271
中央自動車道				国立府中	出口	03	203
中央自動車道				八王子（均一）	出口	01	273
中央自動車道				八王子（均一）	出口	03	204
中央自動車道				八王子		01	406
中央自動車道				八王子本線（上り）		01	400
中央自動車道				八王子本線（下り）		01	405
中央自動車道				八王子本線（下り）		03	205
中央自動車道				相模湖東		01	407
中央自動車道				相模湖		01	408
中央自動車道				上野原		01	409
中央自動車道				談合坂スマート		04	437
中央自動車道				大月		01	410
中央自動車道				都留		01	441
中央自動車道				富士吉田西桂スマート		01	465
中央自動車道				河口湖		01	442
中央自動車道				富士吉田本線		01	443
中央自動車道				勝沼		01	411
中央自動車道				一宮御坂		01	412
中央自動車道				笛吹八代スマート		01	438
中央自動車道				甲府南		01	413
中央自動車道				甲府昭和		01	416
中央自動車道				双葉スマート		01	414
中央自動車道				韮崎		01	417
中央自動車道				須玉		01	418
中央自動車道				長坂		01	446
中央自動車道				小淵沢		01	419
中央自動車道				諏訪南		01	420
中央自動車道				諏訪		01	421
中央自動車道				伊北		01	422
中央自動車道				伊那		01	423
中央自動車道				小黒川スマート		04	434
中央自動車道				駒ヶ根		01	424
中央自動車道				駒ヶ岳スマート		04	435
中央自動車道				松川		01	425
中央自動車道				座光寺スマート		04	441
中央自動車道				飯田		01	426
中央自動車道				飯田山本		01	439
中央自動車道				園原		01	415
中央自動車道				中津川		01	427
中央自動車道				恵那		01	428
中央自動車道				瑞浪		01	429
中央自動車道				土岐		01	430
中央自動車道				多治見		01	431
中央自動車道				小牧東		01	432
中部横断自動車道				白根		01	458
中部横断自動車道				南アルプス		01	459
中部横断自動車道				南アルプス本線	平成29年3月19日迄	01	460
中部横断自動車道				増穂		04	462
中部横断自動車道				富士川本線		04	463
中部横断自動車道				富沢本線		04	464
名神高速道路				小牧		01	201
名神高速道路				一宮		01	202
名神高速道路				一宮合併		01	223
名神高速道路				岐阜羽島		01	203
名神高速道路				安八スマート		04	847
名神高速道路				大垣		01	204
名神高速道路				養老ＳＡスマート		04	848
名神高速道路				関ヶ原		01	205
名神高速道路				彦根		01	206
名神高速道路				湖東三山スマート		01	200
名神高速道路				八日市		01	207
名神高速道路				蒲生スマート		01	259
名神高速道路				竜王		01	208
名神高速道路				栗東湖南		01	288
名神高速道路				栗東		01	209
名神高速道路				瀬田東		01	220
名神高速道路				瀬田西		01	210
名神高速道路				大津		01	211
名神高速道路				京都東		01	212
名神高速道路				京都南		01	213
名神高速道路				大山崎		01	221
名神高速道路				茨木		01	214
名神高速道路				名神吹田		01	215
名神高速道路				名神吹田（合併）		01	285
名神高速道路				豊中		01	216
名神高速道路				豊中（合併）		01	219
名神高速道路				豊中（合併）		02	219
名神高速道路				尼崎		01	217
名神高速道路				西宮本線		01	218
新名神高速道路				菰野		04	850
新名神高速道路				鈴鹿ＰＡスマート		04	851
新名神高速道路				甲賀土山		01	263
新名神高速道路				甲南		01	264
新名神高速道路				信楽		01	265
新名神高速道路				草津田上		01	287
新名神高速道路				城陽		04	854
新名神高速道路				城陽ＪＣＴ		04	864
新名神高速道路				八幡京田辺		04	855
新名神高速道路				高槻		04	856
新名神高速道路				茨木千提寺		04	857
新名神高速道路				箕面とどろみ		04	858
新名神高速道路				川西		04	859
新名神高速道路				宝塚北スマート		04	860
長野自動車道				更埴		01	457
長野自動車道				岡谷		01	451
長野自動車道				塩尻		01	452
長野自動車道				塩尻北		01	453
長野自動車道				松本		01	454
長野自動車道				梓川スマート		01	461
長野自動車道				豊科	2012/10/7より「安曇野」へ名称変更	01	455
長野自動車道				麻績		01	456
長野自動車道				姨捨スマート		01	449
新東名高速道路				厚木南		04	797
新東名高速道路				伊勢原大山		04	798
新東名高速道路				新御殿場		04	803
新東名高速道路				長泉沼津		04	804
新東名高速道路				駿河湾沼津スマート		04	819
新東名高速道路				新富士		04	805
新東名高速道路				新清水		04	806
新東名高速道路				清水いはら		04	807
新東名高速道路				新静岡		04	808
新東名高速道路				静岡SAスマート		04	809
新東名高速道路				藤枝岡部		04	810
新東名高速道路				島田金谷		04	811
新東名高速道路				森掛川		04	812
新東名高速道路				遠州森町スマート		04	820
新東名高速道路				新磐田スマート		04	821
新東名高速道路				浜松浜北		04	813
新東名高速道路				浜松SAスマート		04	814
新東名高速道路				浜松いなさ		04	815
新東名高速道路				浜松いなさ北		04	816
新東名高速道路				新城		04	817
新東名高速道路				岡崎東		04	818
東名高速道路				東京本線（上り）		01	102
東名高速道路				東京本線（下り）		01	101
東名高速道路				東名川崎		01	103
東名高速道路				横浜青葉		01	134
東名高速道路				横浜青葉本線		04	234
東名高速道路				横浜町田		01	104
東名高速道路				横浜町田		01	144
東名高速道路				綾瀬スマート		04	836
東名高速道路				厚木		01	105
東名高速道路				厚木		01	145
東名高速道路				秦野中井		01	106
東名高速道路				大井松田		01	107
東名高速道路				足柄スマート		04	834
東名高速道路				御殿場		01	108
東名高速道路				御殿場東		01	126
東名高速道路				御殿場東（入口）		01	128
東名高速道路				駒門スマート		04	835
東名高速道路				裾野		01	127
東名高速道路				沼津		01	109
東名高速道路				愛鷹スマート		04	840
東名高速道路				富士		01	110
東名高速道路				富士川スマート		01	169
東名高速道路				清水		01	111
東名高速道路				日本平久能山スマート		04	837
東名高速道路				静岡		01	112
東名高速道路				焼津		01	113
東名高速道路				大井川焼津藤枝スマート		04	841
東名高速道路				吉田		01	114
東名高速道路				相良牧之原		01	129
東名高速道路				菊川		01	115
東名高速道路				掛川		01	132
東名高速道路				袋井		01	116
東名高速道路				遠州豊田スマート		01	170
東名高速道路				磐田		01	133
東名高速道路				浜松		01	117
東名高速道路				三方原スマート		04	838
東名高速道路				浜松西		01	118
東名高速道路				舘山寺スマート		04	839
東名高速道路				三ヶ日		01	119
東名高速道路				豊川		01	120
東名高速道路				音羽蒲郡		01	121
東名高速道路				岡崎		01	122
東名高速道路				豊田上郷スマート		04	846
東名高速道路				豊田		01	123
東名高速道路				東名三好		01	130
東名高速道路				長久手		01	135
東名高速道路				名古屋		01	124
東名高速道路				守山スマート		04	842
東名高速道路				春日井		01	125
名古屋瀬戸道路		愛知県道路公社		長久手		66	135
東海北陸自動車道				一宮稲沢北		04	630
東海北陸自動車道				一宮西		01	231
東海北陸自動車道				尾西		01	232
東海北陸自動車道				一宮木曽川		01	233
東海北陸自動車道				岐阜各務原		01	234
東海北陸自動車道				関		01	235
東海北陸自動車道				美濃		01	236
東海北陸自動車道				美並		01	237
東海北陸自動車道				郡上八幡		01	238
東海北陸自動車道				ぎふ大和		01	239
東海北陸自動車道				白鳥		01	240
東海北陸自動車道				白鳥本線		01	247
東海北陸自動車道				高鷲		01	241
東海北陸自動車道				ひるがの高原スマート		01	229
東海北陸自動車道				荘川		01	242
東海北陸自動車道				飛騨清見		01	243
東海北陸自動車道				福光		01	244
東海北陸自動車道				五箇山		01	245
東海北陸自動車道				白川郷		01	246
東海北陸自動車道				南砺スマート		04	629
伊勢湾岸自動車道				豊田東		01	179
伊勢湾岸自動車道				豊田南第一		01	168
伊勢湾岸自動車道				豊田南第二		01	178
伊勢湾岸自動車道				豊明		01	177
伊勢湾岸自動車道				名古屋南第一（上り）		01	172
伊勢湾岸自動車道				名古屋南第一（下り）		01	173
伊勢湾岸自動車道				名古屋南第二		01	180
伊勢湾岸自動車道				大府第一		01	174
伊勢湾岸自動車道				大府第二		01	175
伊勢湾岸自動車道				東海第一		01	176
伊勢湾岸自動車道				東海合併		06	198
伊勢湾岸自動車道				東海第二		01	249
伊勢湾岸自動車道				東海第二		06	951
伊勢湾岸自動車道				名港潮見		01	250
伊勢湾岸自動車道				名港中央		01	251
伊勢湾岸自動車道				飛島（名古屋南方面）		01	252
伊勢湾岸自動車道				飛島本線		06	268
伊勢湾岸自動車道				飛島（四日市方面）		01	262
伊勢湾岸自動車道				湾岸弥富		01	253
伊勢湾岸自動車道				弥富木曽岬		01	254
伊勢湾岸自動車道				湾岸長島		01	255
伊勢湾岸自動車道				湾岸桑名		01	256
伊勢湾岸自動車道				みえ川越		01	257
伊勢湾岸自動車道				みえ朝日		01	258
伊勢湾岸自動車道				名古屋南第三		06	199
北陸自動車道				米原		01	535
北陸自動車道				長浜		01	534
北陸自動車道				小谷城スマート		04	628
北陸自動車道				木之本		01	533
北陸自動車道				敦賀		01	532
北陸自動車道				今庄		01	531
北陸自動車道				南条スマート		01	482
北陸自動車道				武生		01	530
北陸自動車道				鯖江		01	529
北陸自動車道				福井		01	528
北陸自動車道				福井北		01	527
北陸自動車道				丸岡		01	526
北陸自動車道				金津		01	525
北陸自動車道				加賀		01	524
北陸自動車道				片山津		01	523
北陸自動車道				安宅スマート		01	143
北陸自動車道				小松		01	522
北陸自動車道				能美根上スマート		04	582
北陸自動車道				美川		01	521
北陸自動車道				徳光スマート		01	586
北陸自動車道				白山		01	583
北陸自動車道				金沢西第一		01	520
北陸自動車道				金沢西第二		01	540
北陸自動車道				金沢東第一		01	539
北陸自動車道				金沢東第二		01	519
北陸自動車道				金沢森本		01	675
北陸自動車道				小矢部		01	518
北陸自動車道				小矢部東本線		01	668
北陸自動車道				砺波		01	517
北陸自動車道				高岡砺波スマート		04	627
北陸自動車道				小杉		01	516
北陸自動車道				富山西		01	630
北陸自動車道				富山		01	515
北陸自動車道				流杉スマート		01	142
北陸自動車道				立山		01	514
北陸自動車道				上市スマート		04	442
北陸自動車道				滑川		01	513
北陸自動車道				魚津		01	512
北陸自動車道				黒部		01	511
北陸自動車道				入善スマート		01	585
北陸自動車道				朝日		01	510
北陸自動車道				親不知		01	509
北陸自動車道				糸魚川		01	508
北陸自動車道				能生		01	507
北陸自動車道				名立谷浜		01	506
北陸自動車道				上越		01	505
北陸自動車道				大潟スマート		01	481
北陸自動車道				大潟スマート		01	483
北陸自動車道				柿崎		01	504
北陸自動車道				米山		01	503
北陸自動車道				柏崎		01	502
北陸自動車道				西山		01	501
北陸自動車道				長岡北スマート		07	693
北陸自動車道				中之島見附		04	623
北陸自動車道				栄スマート		07	880
北陸自動車道				三条燕		04	624
北陸自動車道				巻潟東		04	625
北陸自動車道				黒埼スマート		01	584
北陸自動車道				新潟西第一		04	626
北陸自動車道				新潟西第二		01	627
近畿自動車道				吹田本線		24	051
近畿自動車道				吹田本線		24	551
近畿自動車道				吹田本線		06	300
近畿自動車道				吹田本線（合併）		01	385
近畿自動車道				吹田		06	301
近畿自動車道				摂津北		24	052
近畿自動車道				摂津北		24	552
近畿自動車道				摂津北		06	302
近畿自動車道				摂津南		24	053
近畿自動車道				摂津南		24	553
近畿自動車道				摂津南		06	303
近畿自動車道				守口		24	386
近畿自動車道				守口ＪＣＴ		06	525
近畿自動車道				守口ＪＣＴ		06	304
近畿自動車道				門真		24	054
近畿自動車道				門真		24	554
近畿自動車道				門真		06	305
近畿自動車道				門真ＪＣＴ（東大阪ＪＣＴ経由）		06	516
近畿自動車道				門真ＪＣＴ		06	517
近畿自動車道				門真ＪＣＴ		06	527
近畿自動車道				門真ＪＣＴ		06	524
近畿自動車道				門真ＪＣＴ		06	306
近畿自動車道				門真本線		06	519
近畿自動車道				門真本線		06	526
近畿自動車道				門真本線（合併）		06	520
近畿自動車道				大東鶴見		24	055
近畿自動車道				大東鶴見		24	555
近畿自動車道				大東鶴見		06	307
近畿自動車道				東大阪北		24	056
近畿自動車道				東大阪北		06	522
近畿自動車道				東大阪北		24	556
近畿自動車道				東大阪北		06	308
近畿自動車道				東大阪第一		24	057
近畿自動車道				東大阪第一		24	557
近畿自動車道				東大阪第一（合併）		24	157
近畿自動車道				東大阪第一（合併）		24	657
近畿自動車道				東大阪第一（合併）		24	757
近畿自動車道				東大阪第二		24	088
近畿自動車道				東大阪第二		24	588
近畿自動車道				東大阪第二（合併）		24	188
近畿自動車道				東大阪第二（合併）		24	688
近畿自動車道				東大阪第二（合併）		24	788
近畿自動車道				東大阪ＪＣＴ		06	521
近畿自動車道				東大阪ＪＣＴ		06	309
近畿自動車道				東大阪ＪＣＴ		03	440
近畿自動車道				東大阪ＪＣＴ		03	438
近畿自動車道				東大阪南		24	058
近畿自動車道				東大阪南		24	558
近畿自動車道				東大阪南		06	310
近畿自動車道				八尾本線		24	059
近畿自動車道				八尾本線		24	559
近畿自動車道				八尾		06	312
近畿自動車道				長原		06	313
近畿自動車道				長原		24	572
近畿自動車道				長原		24	573
近畿自動車道				長原		06	314
近畿自動車道				松原		24	570
西名阪自動車				長原		25	572
西名阪自動車				松原		25	570
西名阪自動車				松原本線		25	061
西名阪自動車				藤井寺		25	062
西名阪自動車				藤井寺		25	162
西名阪自動車				藤井寺		06	331
西名阪自動車				柏原本線		25	063
西名阪自動車				柏原本線		25	163
西名阪自動車				柏原		06	333
西名阪自動車				香芝		25	270
西名阪自動車				香芝		06	334
西名阪自動車				香芝		06	335
西名阪自動車				法隆寺		25	065
西名阪自動車				法隆寺		25	165
西名阪自動車				法隆寺		25	265
西名阪自動車				法隆寺		06	336
西名阪自動車				法隆寺		06	337
西名阪自動車				大和まほろばスマート		25	068
西名阪自動車				大和まほろばスマート		25	268
西名阪自動車				大和まほろばスマート		25	468
西名阪自動車				大和まほろばスマート		06	338
西名阪自動車				大和まほろばスマート		06	339
西名阪自動車				郡山下ツ道		25	069
西名阪自動車				郡山下ツ道		25	269
西名阪自動車				郡山下ツ道		25	469
西名阪自動車				郡山下ツ道		06	340
西名阪自動車				郡山下ツ道		06	341
西名阪自動車				郡山		25	066
西名阪自動車				郡山		25	076
西名阪自動車				郡山		25	266
西名阪自動車				郡山		06	342
西名阪自動車				郡山		06	343
西名阪自動車				天理本線（上り）		25	067
西名阪自動車				天理本線（上り）		25	077
西名阪自動車				天理本線（下り）		25	167
西名阪自動車				天理本線（下り）		25	177
西名阪自動車				天理		06	344
名古屋第二環状自動車道				名二環名古屋		01	131
名古屋第二環状自動車道				本郷	入口	06	132
名古屋第二環状自動車道				高針	入口	06	168
名古屋第二環状自動車道				上社	入口	06	133
名古屋第二環状自動車道				引山	入口	06	134
名古屋第二環状自動車道				大森	入口	06	135
名古屋第二環状自動車道				小幡	入口	06	136
名古屋第二環状自動車道				松河戸	入口	06	137
名古屋第二環状自動車道				勝川第一	入口	06	146
名古屋第二環状自動車道				勝川第二	入口	06	138
名古屋第二環状自動車道				楠	入口	06	139
名古屋第二環状自動車道				楠ＪＣＴ第一	入口	06	140
名古屋第二環状自動車道				楠ＪＣＴ第二	入口	06	141
名古屋第二環状自動車道				山田西第一	入口	06	142
名古屋第二環状自動車道				山田西第二	入口	06	143
名古屋第二環状自動車道				平田	入口	06	144
名古屋第二環状自動車道				清洲東第一	入口	06	145
名古屋第二環状自動車道				清洲JCT第一	入口	06	147
名古屋第二環状自動車道				清洲JCT第二	入口	06	148
名古屋第二環状自動車道				清洲東第二	入口	06	161
名古屋第二環状自動車道				清洲西	入口	06	162
名古屋第二環状自動車道				甚目寺北	入口	06	163
名古屋第二環状自動車道				甚目寺南	入口	06	164
名古屋第二環状自動車道				大治北	入口	06	165
名古屋第二環状自動車道				大治南	入口	06	166
名古屋第二環状自動車道				大治本線	入口	06	167
名古屋第二環状自動車道				大治本線	入口	06	207
名古屋第二環状自動車道				大治本線	入口	06	741
名古屋第二環状自動車道				上社南	入口	06	130
名古屋第二環状自動車道				植田第二	入口	06	129
名古屋第二環状自動車道				植田第一	入口	06	128
名古屋第二環状自動車道				鳴海第二	入口	06	127
名古屋第二環状自動車道				鳴海第一	入口	06	126
名古屋第二環状自動車道				有松第二	入口	06	125
名古屋第二環状自動車道				有松第一	入口	06	124
名古屋第二環状自動車道				名古屋南第三		06	123
名古屋第二環状自動車道				名古屋南第三	入口	06	122
名古屋第二環状自動車道				名古屋南第三	入口	06	199
名古屋第二環状自動車道				名古屋西ＪCT	入口	06	169
名古屋第二環状自動車道				千音寺南	入口	06	170
名古屋第二環状自動車道				富田第一	入口	06	269
名古屋第二環状自動車道				富田第二	入口	06	265
名古屋第二環状自動車道				南陽第一	入口	06	270
名古屋第二環状自動車道				南陽第二	入口	06	266
名古屋第二環状自動車道				飛島北第一	入口	06	271
名古屋第二環状自動車道				飛島北第二	入口	06	267
名古屋第二環状自動車道				飛島本線	入口	06	272
名古屋第二環状自動車道				名古屋西ＪＣＴ（東名阪方面）	出口	06	243
名古屋第二環状自動車道				名古屋西ＪＣＴ（東名阪方面）	出口	06	643
名古屋第二環状自動車道				名古屋西ＪＣＴ（名古屋高速方面）	出口	06	242
名古屋第二環状自動車道				名古屋西ＪＣＴ（名古屋高速方面）	出口	06	642
名古屋第二環状自動車道				大治南	出口	06	241
名古屋第二環状自動車道				大治南	出口	06	641
名古屋第二環状自動車道				大治北	出口	06	240
名古屋第二環状自動車道				大治北	出口	06	640
名古屋第二環状自動車道				甚目寺南	出口	06	239
名古屋第二環状自動車道				甚目寺南	出口	06	639
名古屋第二環状自動車道				甚目寺北	出口	06	238
名古屋第二環状自動車道				甚目寺北	出口	06	638
名古屋第二環状自動車道				清洲西	出口	06	237
名古屋第二環状自動車道				清洲西	出口	06	637
名古屋第二環状自動車道				清洲東第二	出口	06	236
名古屋第二環状自動車道				清洲東第二	出口	06	636
名古屋第二環状自動車道				清洲ＪＣＴ（内回り）	出口	06	235
名古屋第二環状自動車道				清洲ＪＣＴ（内回り）	出口	06	635
名古屋第二環状自動車道				清洲ＪＣＴ（外回り）	出口	06	234
名古屋第二環状自動車道				清洲ＪＣＴ（外回り）	出口	06	634
名古屋第二環状自動車道				清洲東第一	出口	06	233
名古屋第二環状自動車道				清洲東第一	出口	06	633
名古屋第二環状自動車道				平田	出口	06	232
名古屋第二環状自動車道				平田	出口	06	632
名古屋第二環状自動車道				山田東（外回り）	出口	06	231
名古屋第二環状自動車道				山田東（外回り）	出口	06	631
名古屋第二環状自動車道				山田東（内回り）	出口	06	230
名古屋第二環状自動車道				山田東（内回り）	出口	06	630
名古屋第二環状自動車道				楠ＪＣＴ（外回り）	出口	06	229
名古屋第二環状自動車道				楠ＪＣＴ（外回り）	出口	06	629
名古屋第二環状自動車道				楠ＪＣＴ（内回り）	出口	06	228
名古屋第二環状自動車道				楠ＪＣＴ（内回り）	出口	06	628
名古屋第二環状自動車道				楠	出口	06	227
名古屋第二環状自動車道				楠	出口	06	627
名古屋第二環状自動車道				勝川第二	出口	06	226
名古屋第二環状自動車道				勝川第二	出口	06	626
名古屋第二環状自動車道				勝川第一	出口	06	225
名古屋第二環状自動車道				勝川第一	出口	06	625
名古屋第二環状自動車道				松河戸	出口	06	224
名古屋第二環状自動車道				松河戸	出口	06	624
名古屋第二環状自動車道				小幡	出口	06	223
名古屋第二環状自動車道				小幡	出口	06	623
名古屋第二環状自動車道				大森	出口	06	222
名古屋第二環状自動車道				大森	出口	06	622
名古屋第二環状自動車道				引山	出口	06	221
名古屋第二環状自動車道				引山	出口	06	621
名古屋第二環状自動車道				上社	出口	06	220
名古屋第二環状自動車道				上社	出口	06	620
名古屋第二環状自動車道				本郷	出口	06	219
名古屋第二環状自動車道				本郷	出口	06	619
名古屋第二環状自動車道				東名名古屋	出口	06	218
名古屋第二環状自動車道				東名名古屋	出口	06	618
名古屋第二環状自動車道				上社南	出口	06	217
名古屋第二環状自動車道				上社南	出口	06	617
名古屋第二環状自動車道				高針ＪＣＴ	出口	06	216
名古屋第二環状自動車道				高針ＪＣＴ	出口	06	616
名古屋第二環状自動車道				植田第二	出口	06	215
名古屋第二環状自動車道				植田第二	出口	06	615
名古屋第二環状自動車道				植田第一	出口	06	214
名古屋第二環状自動車道				植田第一	出口	06	614
名古屋第二環状自動車道				鳴海第二	出口	06	213
名古屋第二環状自動車道				鳴海第二	出口	06	613
名古屋第二環状自動車道				鳴海第一	出口	06	212
名古屋第二環状自動車道				鳴海第一	出口	06	612
名古屋第二環状自動車道				有松第二	出口	06	211
名古屋第二環状自動車道				有松第二	出口	06	611
名古屋第二環状自動車道				有松第一	出口	06	210
名古屋第二環状自動車道				有松第一	出口	06	610
名古屋第二環状自動車道				名古屋南第三（名古屋高速方面）	出口	06	209
名古屋第二環状自動車道				名古屋南第三（名古屋高速方面）	出口	06	609
名古屋第二環状自動車道				名古屋南第三（伊勢湾岸方面）	出口	06	208
名古屋第二環状自動車道				名古屋南第三（伊勢湾岸方面）	出口	06	608
名古屋第二環状自動車道				名古屋西ＪCT	出口	06	644
名古屋第二環状自動車道				千音寺南	出口	06	645
名古屋第二環状自動車道				富田第一	出口	06	646
名古屋第二環状自動車道				富田第二	出口	06	647
名古屋第二環状自動車道				南陽第一	出口	06	648
名古屋第二環状自動車道				南陽第二	出口	06	649
名古屋第二環状自動車道				飛島北第一	出口	06	650
名古屋第二環状自動車道				飛島北第二	出口	06	651
名古屋第二環状自動車道				飛島本線	出口	06	652
東名阪自動車道				名古屋西本線（上り）		06	149
東名阪自動車道				名古屋西本線（下り）		06	150
東名阪自動車道				蟹江		06	151
東名阪自動車道				弥富		06	152
東名阪自動車道				長島		06	153
東名阪自動車道				桑名東		06	154
東名阪自動車道				桑名		06	155
東名阪自動車道				四日市東		06	156
東名阪自動車道				四日市		06	157
東名阪自動車道				鈴鹿		06	158
東名阪自動車道				亀山ＰＡスマート		06	088
東名阪自動車道				亀山		06	160
伊勢自動車道				伊勢関		06	171
伊勢自動車道				芸濃		06	172
伊勢自動車道				津		06	173
伊勢自動車道				久居		06	174
伊勢自動車道				一志嬉野		06	179
伊勢自動車道				松阪		06	175
伊勢自動車道				勢和多気		06	180
伊勢自動車道				多気ヴィソンスマート		06	184
伊勢自動車道				玉城		06	177
伊勢自動車道				伊勢本線		06	178
紀勢自動車道				大宮大台		06	181
紀勢自動車道				紀勢大内山		06	182
紀勢自動車道				大紀本線		06	183
阪和自動車道				長原		06	572
阪和自動車道				長原		26	572
阪和自動車道				長原		06	033
阪和自動車道				松原ＪＣＴ		03	457
阪和自動車道				松原ＪＣＴ		03	458
阪和自動車道				松原ＪＣＴ		03	459
阪和自動車道				松原ＪＣＴ		03	460
阪和自動車道				松原ＪＣＴ		03	461
阪和自動車道				松原ＪＣＴ		03	462
阪和自動車道				松原		06	320
阪和自動車道				松原		26	570
阪和自動車道				松原		26	571
阪和自動車道				松原		06	319
阪和自動車道				たじはや合併		45	003
阪和自動車道				たじはや合併		45	013
阪和自動車道				美原北		26	072
阪和自動車道				美原北		26	172
阪和自動車道				美原北		06	321
阪和自動車道				美原南		06	323
阪和自動車道				堺本線（上り）		26	173
阪和自動車道				堺本線（上り）		06	031
阪和自動車道				堺本線（上り）		06	324
阪和自動車道				堺本線（下り）		26	073
阪和自動車道				平井本線		26	040
阪和自動車道				平井本線		26	140
阪和自動車道				堺		26	074
阪和自動車道				堺		06	074
阪和自動車道				堺		26	174
阪和自動車道				岸和田和泉（均一）		26	075
阪和自動車道				岸和田和泉（均一）		26	175
阪和自動車道				岸和田和泉		06	075
阪和自動車道				岸和田本線		06	076
阪和自動車道				岸和田本線		06	276
阪和自動車道				岸和田本線		06	376
阪和自動車道				岸和田本線		06	032
阪和自動車道				岸和田本線		06	327
阪和自動車道				貝塚		06	077
阪和自動車道				泉南		06	078
阪和自動車道				阪南		06	079
阪和自動車道				岩出根来本線		06	106
阪和自動車道				和歌山北		06	104
阪和自動車道				和歌山		06	080
阪和自動車道				和歌山南スマート		06	107
阪和自動車道				海南東		06	085
阪和自動車道				海南		06	082
阪和自動車道				海南		06	086
阪和自動車道				下津		06	089
阪和自動車道				有田		06	090
阪和自動車道				御坊南		06	100
阪和自動車道				印南		06	101
阪和自動車道				みなべ		06	102
阪和自動車道				南紀田辺		06	103
阪和自動車道				南紀田辺本線		06	105
南阪奈道路				たじはや本線		06	322
南阪奈道路				たじはや本線		45	011
南阪奈道路				美原		06	350
南阪奈道路				美原東		06	352
南阪奈道路				羽曳野		06	354
南阪奈道路				羽曳野		06	353
南阪奈道路				羽曳野東		35	001
南阪奈道路				羽曳野東		35	011
南阪奈道路				羽曳野東		06	355
南阪奈道路				羽曳野東		06	356
南阪奈道路				太子本線		35	002
南阪奈道路				太子本線		35	012
南阪奈道路				太子本線		06	363
南阪奈道路				太子		35	003
南阪奈道路				太子		35	013
南阪奈道路				太子		06	357
南阪奈道路				太子		06	358
南阪奈道路				太子		06	359
南阪奈道路				太子		06	361
南阪奈道路				葛城		06	365
南阪奈道路				新庄		06	367
堺泉北道路				平井本線		06	325
堺泉北道路				平井本線		06	326
堺泉北道路				太平寺・平井		44	102
堺泉北道路				平井		06	370
堺泉北道路				太平寺		06	371
堺泉北道路				菱木本線		44	104
堺泉北道路				菱木本線		06	042
堺泉北道路				菱木本線		06	373
堺泉北道路				菱木本線		06	374
堺泉北道路				菱木本線		06	375
堺泉北道路				菱木		06	372
堺泉北道路				助松ＪＣＴ		03	631
第二阪奈道路				小瀬本線		42	001
第二阪奈道路				小瀬本線		42	101
第二阪奈道路				小瀬本線		06	979
第二阪奈道路				小瀬本線		06	989
第二阪奈道路				小瀬		42	002
第二阪奈道路				小瀬		42	102
第二阪奈道路				小瀬		06	442
第二阪奈道路				壱分		42	003
第二阪奈道路				壱分		42	103
第二阪奈道路				壱分		06	443
第二阪奈道路				西石切		42	004
第二阪奈道路				西石切		06	444
第二阪奈道路				西石切本線		03	435
第二阪奈道路				西石切本線		03	434
第二阪奈道路				中町		42	005
第二阪奈道路				中町		06	445
第二阪奈道路				宝来		42	006
第二阪奈道路				宝来		06	446
舞鶴若狭自動車道				三田西		01	341
舞鶴若狭自動車道				丹南篠山口		01	342
舞鶴若狭自動車道				春日		01	343
舞鶴若狭自動車道				福知山		01	344
舞鶴若狭自動車道				綾部		01	345
舞鶴若狭自動車道				舞鶴西		01	346
舞鶴若狭自動車道				舞鶴東		01	347
舞鶴若狭自動車道				大飯高浜		01	348
舞鶴若狭自動車道				小浜西		01	349
舞鶴若狭自動車道				小浜		01	350
舞鶴若狭自動車道				若狭上中		04	352
舞鶴若狭自動車道				三方五湖スマート		04	355
舞鶴若狭自動車道				若狭三方		04	353
舞鶴若狭自動車道				若狭美浜		04	354
舞鶴若狭自動車道				敦賀南スマート		04	351
関西空港自動車道				泉佐野本線		06	083
関西空港自動車道				上之郷		06	084
中国自動車道				中国吹田		01	301
中国自動車道				中国豊中		01	302
中国自動車道				中国池田		01	321
中国自動車道				宝塚		01	303
中国自動車道				西宮山口本線		01	300
中国自動車道				西宮北		01	304
中国自動車道				神戸三田		01	322
中国自動車道				吉川		01	305
中国自動車道				ひょうご東条		01	353
中国自動車道				滝野社		01	306
中国自動車道				加西		01	330
中国自動車道				福崎		01	307
中国自動車道				夢前スマート		02	396
中国自動車道				山崎		01	308
中国自動車道				佐用本線		02	397
中国自動車道				佐用		01	309
中国自動車道				作東		01	336
中国自動車道				美作		01	310
中国自動車道				勝央		02	408
中国自動車道				津山		01	311
中国自動車道				院庄		01	312
中国自動車道				落合		01	313
中国自動車道				北房		01	314
中国自動車道				大佐スマート		01	351
中国自動車道				新見		01	315
中国自動車道				東城		01	316
中国自動車道				庄原		01	317
中国自動車道				三次東		01	224
中国自動車道				三次		01	318
中国自動車道				高田		01	319
中国自動車道				千代田		01	320
中国自動車道				加計スマート		01	352
中国自動車道				戸河内		01	323
中国自動車道				吉和		01	324
中国自動車道				六日市		01	325
中国自動車道				鹿野		01	326
中国自動車道				徳地		01	327
中国自動車道				山口		01	328
中国自動車道				湯田温泉スマート		02	409
中国自動車道				小郡		01	329
中国自動車道				美祢東		02	399
中国自動車道				美祢		01	331
中国自動車道				美祢西		01	335
中国自動車道				小月		01	332
中国自動車道				下関		01	333
岡山自動車道				岡山総社		01	742
岡山自動車道				賀陽		01	743
岡山自動車道				有漢		01	744
山陽自動車道				神戸西		01	489
山陽自動車道				神戸西本線		01	541
山陽自動車道				神戸北		01	701
山陽自動車道				三木東		01	702
山陽自動車道				三木小野		01	703
山陽自動車道				加古川北		01	704
山陽自動車道				山陽姫路東		01	705
山陽自動車道				山陽姫路西		01	706
山陽自動車道				龍野		01	707
山陽自動車道				龍野西		01	708
山陽自動車道				赤穂		01	709
山陽自動車道				備前		01	710
山陽自動車道				和気		01	711
山陽自動車道				山陽		01	712
山陽自動車道				岡山		01	713
山陽自動車道				吉備スマート		01	782
山陽自動車道				早島本線		02	556
山陽自動車道				早島本線		02	486
山陽自動車道				早島		01	741
山陽自動車道				倉敷		01	714
山陽自動車道				玉島		01	715
山陽自動車道				鴨方		01	716
山陽自動車道				笠岡		01	717
山陽自動車道				福山東		01	718
山陽自動車道				福山ＳＡスマート		02	405
山陽自動車道				福山西		01	719
山陽自動車道				尾道本線		02	401
山陽自動車道				尾道		01	720
山陽自動車道				三原久井		01	721
山陽自動車道				本郷		01	739
山陽自動車道				河内		01	722
山陽自動車道				高屋		02	402
山陽自動車道				西条		01	723
山陽自動車道				志和		01	724
山陽自動車道				都市高速広島東		02	225
山陽自動車道				広島東		01	725
山陽自動車道				広島		01	726
山陽自動車道				沼田ＰＡスマート		02	404
山陽自動車道				五日市		01	727
山陽自動車道				岩国		01	731
山陽自動車道				玖珂		01	732
山陽自動車道				熊毛		01	733
山陽自動車道				徳山東		01	734
山陽自動車道				徳山西		01	735
山陽自動車道				防府東		01	736
山陽自動車道				防府西		01	737
山陽自動車道				山口南		01	738
山陽自動車道				宇部		01	358
山陽自動車道				宇部本線		02	403
山陽自動車道				小野田		01	359
山陽自動車道				埴生		01	360
山陽自動車道				宮島スマート		01	367
播磨自動車道				播磨新宮		01	745
米子自動車道				久世		01	361
米子自動車道				湯原		01	362
米子自動車道				蒜山		01	363
米子自動車道				江府		01	364
米子自動車道				溝口		01	365
米子自動車道				大山高原スマート		01	378
米子自動車道				米子		01	366
広島自動車道				広島西風新都		01	381
広島自動車道				広島北		01	380
浜田自動車道				大朝		01	370
浜田自動車道				瑞穂		01	371
浜田自動車道				旭		01	372
浜田自動車道				金城スマート		01	377
浜田自動車道				浜田		01	373
松江自動車道				三刀屋木次		79	003
松江自動車道				三刀屋木次		02	103
松江自動車道				三刀屋木次		02	106
松江自動車道				三刀屋木次		02	206
山陰自動車道				松江玉造		79	001
山陰自動車道				松江玉造		02	101
山陰自動車道				松江玉造		02	201
山陰自動車道				宍道		02	102
山陰自動車道				宍道		02	202
山陰自動車道				斐川		02	104
山陰自動車道				斐川		02	204
山陰自動車道				斐川本線		02	105
山陰自動車道				斐川本線		02	205
山陰自動車道				安来		78	001
山陰自動車道				安来		78	011
山陰自動車道				安来本線		78	002
山陰自動車道				安来本線		78	012
山陰自動車道				米子西		78	003
山陰自動車道				東出雲		78	004
松山自動車道				三島川之江		08	756
松山自動車道				土居		08	757
松山自動車道				新居浜		08	758
松山自動車道				いよ西条		08	759
松山自動車道				いよ小松		08	760
松山自動車道				川内		08	761
松山自動車道				松山		08	762
松山自動車道				伊予		08	763
松山自動車道				中山スマート		08	889
松山自動車道				内子五十崎		08	764
松山自動車道				大洲		08	765
松山自動車道				大洲松尾本線		08	286
松山自動車道				大洲松尾本線		08	886
徳島自動車道				井川池田		08	771
徳島自動車道				吉野川スマート		08	781
徳島自動車道				美馬		08	770
徳島自動車道				脇町		08	769
徳島自動車道				土成		08	768
徳島自動車道				藍住		08	767
徳島自動車道				徳島		08	766
徳島自動車道				徳島	平成25年6月4日午前6時以降	08	866
徳島自動車道				松茂スマート		08	861
高松自動車道				鳴門		01	555
高松自動車道				鳴門本線		01	567
高松自動車道				板野		08	783
高松自動車道				引田		08	784
高松自動車道				白鳥大内		08	785
高松自動車道				津田東		08	786
高松自動車道				津田寒川		08	787
高松自動車道				志度		08	788
高松自動車道				さぬき三木		08	789
高松自動車道				高松東		08	780
高松自動車道				高松中央		08	748
高松自動車道				高松檀紙		08	749
高松自動車道				高松西		08	750
高松自動車道				坂出		02	565
高松自動車道				坂出本線		02	566
高松自動車道				善通寺		08	753
高松自動車道				三豊鳥坂		08	779
高松自動車道				さぬき豊中		08	754
高松自動車道				大野原		08	755
高松自動車道				府中湖スマート		08	369
高知自動車道				新宮		08	772
高知自動車道				大豊		08	773
高知自動車道				南国		08	774
高知自動車道				高知		08	775
高知自動車道				伊野		08	776
高知自動車道				土佐		08	777
高知自動車道				土佐ＰＡスマート		08	368
高知自動車道				須崎東		08	778
高知自動車道				須崎東		08	484
関門自動車道				門司港		01	334
九州自動車道				門司		02	801
九州自動車道				門司本線		02	839
九州自動車道				新門司		02	829
九州自動車道				小倉東		02	802
九州自動車道				小倉南		02	803
九州自動車道				八幡		02	804
九州自動車道				八幡本線		02	804
九州自動車道				馬場山本線		02	840
九州自動車道				鞍手		02	798
九州自動車道				宮田スマート		02	797
九州自動車道				若宮		02	805
九州自動車道				古賀		02	806
九州自動車道				福岡		02	807
九州自動車道				福岡本線		02	830
九州自動車道				須恵スマート		02	873
九州自動車道				太宰府		02	808
九州自動車道				太宰府本線		02	828
九州自動車道				筑紫野		02	836
九州自動車道				久留米		02	809
九州自動車道				広川		02	837
九州自動車道				八女		02	810
九州自動車道				みやま柳川		02	799
九州自動車道				南関		02	811
九州自動車道				菊水		02	812
九州自動車道				植木		02	813
九州自動車道				北熊本スマート		02	938
九州自動車道				熊本		02	814
九州自動車道				益城熊本空港		02	838
九州自動車道				益城本線		02	936
九州自動車道				御船		02	815
九州自動車道				城南スマート		02	939
九州自動車道				松橋		02	816
九州自動車道				宇城氷川スマート		02	937
九州自動車道				八代		02	817
九州自動車道				人吉		02	818
九州自動車道				人吉球磨スマート		02	940
九州自動車道				栗野		02	820
九州自動車道				横川		02	821
九州自動車道				溝辺鹿児島空港		02	822
九州自動車道				加治木		02	800
九州自動車道				桜島スマート		02	941
九州自動車道				姶良		02	824
九州自動車道				薩摩吉田		02	825
九州自動車道				鹿児島北		02	827
九州自動車道				鹿児島北		02	877
九州自動車道				鹿児島		02	826
宮崎自動車道				えびの		02	819
宮崎自動車道				小林		02	831
宮崎自動車道				高原		02	832
宮崎自動車道				都城		02	833
宮崎自動車道				山之口スマート		02	947
宮崎自動車道				田野		02	834
宮崎自動車道				宮崎本線		02	835
長崎自動車道				鳥栖第一		02	841
長崎自動車道				鳥栖第二		02	851
長崎自動車道				東脊振		02	842
長崎自動車道				佐賀大和		02	843
長崎自動車道				小城スマート		02	943
長崎自動車道				多久		02	844
長崎自動車道				武雄北方		02	845
長崎自動車道				武雄南本線		02	853
長崎自動車道				嬉野		02	846
長崎自動車道				東そのぎ		02	847
長崎自動車道				大村		02	848
長崎自動車道				木場スマート		02	944
長崎自動車道				諫早		02	849
長崎自動車道				長崎多良見		02	888
長崎自動車道				長崎芒塚		02	852
長崎自動車道				長崎		02	854
長崎自動車道				長崎本線		02	887
大分自動車道				筑後小郡		02	855
大分自動車道				甘木		02	856
大分自動車道				朝倉		02	857
大分自動車道				杷木		02	858
大分自動車道				日田		02	859
大分自動車道				天瀬高塚		02	860
大分自動車道				玖珠		02	861
大分自動車道				九重		01	862
大分自動車道				湯布院		01	863
大分自動車道				由布岳スマート		02	942
東九州自動車道				苅田北九州空港		01	387
東九州自動車道				行橋		02	900
東九州自動車道				今川スマート		02	901
東九州自動車道				みやこ豊津		02	902
東九州自動車道				豊前		02	906
東九州自動車道				上毛スマート		02	907
東九州自動車道				中津		02	908
東九州自動車道				別府湾スマート		01	146
東九州自動車道				別府		01	864
東九州自動車道				大分		01	865
東九州自動車道				大分光吉第一		01	866
東九州自動車道				大分光吉第二		01	872
東九州自動車道				大分米良		01	867
東九州自動車道				大分宮河内		01	868
東九州自動車道				臼杵		01	869
東九州自動車道				津久見		01	870
東九州自動車道				佐伯		01	871
東九州自動車道				門川本線	平成26年2月19日迄	14	102
東九州自動車道				門川本線	平成26年2月20日以降	02	931
東九州自動車道				門川南		02	930
東九州自動車道				門川南スマート		02	945
東九州自動車道				日向		02	933
東九州自動車道				日向		02	929
東九州自動車道				都農		02	925
東九州自動車道				高鍋		02	927
東九州自動車道				西都		02	878
東九州自動車道				国富スマート		02	946
東九州自動車道				宮崎西		02	879
東九州自動車道				清武		02	880
東九州自動車道				清武南本線		02	934
東九州自動車道				末吉財部		02	086
東九州自動車道				末吉財部		02	386
東九州自動車道				国分		02	085
東九州自動車道				隼人東		02	084
沖縄自動車道				沖縄自動車道那覇		09	001
沖縄自動車道				西原本線		09	011
沖縄自動車道				西原		09	002
沖縄自動車道				北中城		09	003
沖縄自動車道				喜舎場スマート		09	015
沖縄自動車道				沖縄南		09	004
沖縄自動車道				沖縄北		09	005
沖縄自動車道				石川		09	006
沖縄自動車道				屋嘉		09	007
沖縄自動車道				金武		09	008
沖縄自動車道				宜野座		09	009
沖縄自動車道				許田		09	010
深川留萌自動車道				深川西本線		62	121
日高自動車道				苫小牧東本線		74	310
百石道路				下田百石		07	967
百石道路				下田本線	上り線入口	07	667
湯沢横手道路				十文字		07	569
湯沢横手道路				十文字本線		07	469
東北中央自動車道	旧：米沢南陽道路			米沢北	平成29年9月28日迄	28	001
東北中央自動車道	旧：米沢南陽道路			米沢北本線		28	010
東北中央自動車道	旧：米沢南陽道路			米沢北本線		07	431
東北中央自動車道	旧：米沢南陽道路			南陽高畠		07	432
東水戸道路				水戸南		01	044
東水戸道路				水戸大洗		01	045
東水戸道路				ひたちなか		01	046
東水戸道路				ひたちなか本線		01	047
首都圏中央連絡道	圏央道			茅ヶ崎ＪＣＴ合併	 圏央道⇔新湘南バイパス（平塚方面）　圏央道分（精算・発券）	04	048
首都圏中央連絡道	圏央道			茅ヶ崎ＪＣＴ	 圏央道⇔新湘南バイパス（藤沢方面）　圏央道（精算・発券）	04	049
首都圏中央連絡道	圏央道			寒川南		04	050
首都圏中央連絡道	圏央道			寒川北		04	051
首都圏中央連絡道	圏央道			海老名		04	052
首都圏中央連絡道	圏央道			圏央厚木		04	055
首都圏中央連絡道	圏央道			厚木ＰＡスマート		04	088
首都圏中央連絡道	圏央道			相模原愛川		04	056
首都圏中央連絡道	圏央道			相模原		04	057
首都圏中央連絡道	圏央道			高尾山		04	058
首都圏中央連絡道	圏央道			八王子西		01	059
首都圏中央連絡道	圏央道			あきる野		01	060
首都圏中央連絡道	圏央道			日の出		01	061
首都圏中央連絡道	圏央道			青梅		01	062
首都圏中央連絡道	圏央道			入間		01	063
首都圏中央連絡道	圏央道			狭山日高		01	064
首都圏中央連絡道	圏央道			圏央鶴ヶ島		01	065
首都圏中央連絡道	圏央道			坂戸		01	463
首都圏中央連絡道	圏央道			川島		01	464
首都圏中央連絡道	圏央道			桶川北本		04	078
首都圏中央連絡道	圏央道			桶川加納		04	076
首都圏中央連絡道	圏央道			白岡菖蒲		04	074
首都圏中央連絡道	圏央道			幸手		04	079
首都圏中央連絡道	圏央道			五霞		04	080
首都圏中央連絡道	圏央道			境古河		04	081
首都圏中央連絡道	圏央道			坂東		04	082
首都圏中央連絡道	圏央道			常総		04	083
首都圏中央連絡道	圏央道			つくば中央		04	072
首都圏中央連絡道	圏央道			つくば牛久		01	066
首都圏中央連絡道	圏央道			牛久阿見		01	067
首都圏中央連絡道	圏央道			阿見東		01	068
首都圏中央連絡道	圏央道			稲敷		04	069
首都圏中央連絡道	圏央道			稲敷東		04	070
首都圏中央連絡道	圏央道			神崎		04	071
首都圏中央連絡道	圏央道			下総		04	073
首都圏中央連絡道	圏央道			木更津東		03	048
首都圏中央連絡道	圏央道			大網白里スマート		03	105
首都圏中央連絡道	圏央道			茂原北		03	045
首都圏中央連絡道	圏央道			茂原長柄スマート		03	040
首都圏中央連絡道	圏央道			茂原長南		03	046
首都圏中央連絡道	圏央道			市原鶴舞		03	047
首都圏中央連絡道	圏央道			東金第二		03	100
首都圏中央連絡道	圏央道			山武成東		03	102
首都圏中央連絡道	圏央道			松尾横芝		03	104
首都圏中央連絡道	圏央道			松尾横芝本線		03	113
京葉道路				首都高速７号接続上り		03	567
京葉道路				首都高速７号接続下り		03	566
京葉道路				篠崎上り		03	568
京葉道路				篠崎下り		03	569
京葉道路				京葉ＪＣＴ上り		03	571
京葉道路				京葉ＪＣＴ下り		03	255
京葉道路				市川上り	2018/6/2より「京葉市川上り」へ名称変更	03	570
京葉道路				市川上り	2018/6/2より「京葉市川上り」へ名称変更	03	572
京葉道路				市川下り	2018/6/2より「京葉市川下り」へ名称変更	03	573
京葉道路				原木		03	077
京葉道路				原木上り		03	576
京葉道路				原木下り		03	575
京葉道路				船橋本線上り		03	078
京葉道路				船橋本線下り		03	080
京葉道路				船橋本線下り		03	090
京葉道路				船橋		03	079
京葉道路				船橋下り入口		03	071
京葉道路				船橋下り入口		03	076
京葉道路				花輪		03	072
京葉道路				千葉西		03	081
京葉道路				穴川西		03	082
京葉道路				穴川中		03	083
京葉道路				穴川東		03	085
京葉道路				貝塚		03	084
京葉道路				松ヶ丘北		03	086
京葉道路				松ヶ丘南		03	087
京葉道路				蘇我		03	088
京葉道路				蘇我南		03	188
千葉東金道路				千葉東		03	091
千葉東金道路				大宮		03	092
千葉東金道路				高田		03	093
千葉東金道路				中野		03	094
千葉東金道路				山田		03	095
千葉東金道路				東金第一		03	101
東京湾アクアライン連絡道				木更津金田第二		03	052
東京湾アクアライン連絡道				袖ヶ浦第一		03	051
東京湾アクアライン連絡道				袖ヶ浦第二		03	050
東京湾アクアライン				木更津金田第一		31	053
東京湾アクアライン				木更津金田第一		31	953
東京湾アクアライン				木更津金田第一（木更津本線、木更津→川崎）		03	054
東京湾アクアライン				木更津金田第一（木更津本線、川崎→木更津）		31	057
東京湾アクアライン				木更津金田第一（木更津本線、川崎→木更津）		31	957
東京湾アクアライン				海ほたる		31	055
富津館山道路				富津竹岡		03	027
富津館山道路				富津金谷		03	028
富津館山道路				鋸南保田		03	029
富津館山道路				鋸南富山		03	030
富津館山道路				富浦		03	031
第三京浜道路				玉川本線		20	001
第三京浜道路				京浜川崎		20	002
第三京浜道路				京浜川崎		20	102
第三京浜道路				都筑		20	004
第三京浜道路				都筑		20	104
第三京浜道路				港北		20	005
第三京浜道路				港北		20	105
第三京浜道路				港北		20	205
第三京浜道路				保土ヶ谷本線		20	006
第三京浜道路				保土ヶ谷本線		20	106
第三京浜道路				保土ヶ谷本線		20	206
横浜新道				新保土ヶ谷（上り）		21	001
横浜新道				新保土ヶ谷（上り）		21	201
横浜新道				新保土ヶ谷（下り）		21	101
横浜新道				新保土ヶ谷（下り）		21	301
横浜新道				戸塚本線（上り）		21	004
横浜新道				戸塚本線（上り）		21	204
横浜新道				戸塚本線（下り）		21	104
横浜新道				戸塚本線（下り）		21	304
横浜新道				今井		21	002
横浜新道				今井		21	102
横浜新道				川上		21	003
横浜横須賀道路				六ッ川本線		08	001
横浜横須賀道路				六ッ川本線		08	101
横浜横須賀道路				別所		08	002
横浜横須賀道路				日野		08	003
横浜横須賀道路				港南台		08	004
横浜横須賀道路				朝比奈		08	005
横浜横須賀道路				逗子		08	006
横浜横須賀道路				横須賀		08	007
横浜横須賀道路				衣笠		08	008
横浜横須賀道路				佐原		08	009
横浜横須賀道路				佐原本線		08	010
横浜横須賀道路				釜利谷本線		08	011
横浜横須賀道路				金沢自然公園		08	012
小田原厚木道路				平塚東		83	004
小田原厚木道路				平塚東		83	204
小田原厚木道路				平塚東		83	904
小田原厚木道路				平塚本線（上り）		83	003
小田原厚木道路				平塚本線（上り）		83	806
小田原厚木道路				平塚本線（上り）		83	203
小田原厚木道路				平塚本線（下り）		83	103
小田原厚木道路				平塚本線（下り）		83	906
小田原厚木道路				平塚本線（下り）		83	303
小田原厚木道路				小田原本線（上り）		83	002
小田原厚木道路				小田原本線（上り）		83	807
小田原厚木道路				小田原本線（下り）		83	102
小田原厚木道路				小田原本線（下り）		83	907
小田原厚木道路				小田原東		83	001
小田原厚木道路				小田原東		83	201
小田原厚木道路				小田原東		83	901
京滋バイパス				瀬田東		01	220
京滋バイパス				石山		01	470
京滋バイパス				南郷		01	471
京滋バイパス				笠取		01	472
京滋バイパス				宇治東		01	473
京滋バイパス				宇治西		01	474
京滋バイパス				巨椋		01	475
京滋バイパス				久御山		01	476
京滋バイパス				久御山淀		01	477
西湘バイパス				橘		46	001
西湘バイパス				橘		46	101
西湘バイパス				石橋		46	003
西湘バイパス				国府津		46	004
新湘南バイパス				茅ヶ崎ＪＣＴ合併	新湘南バイパス（平塚方面）⇒圏央道　新湘南バイパス分の精算	57	004
新湘南バイパス				茅ヶ崎		57	001
新湘南バイパス				茅ヶ崎中央		57	102
新湘南バイパス				茅ヶ崎中央	一般道⇔新湘南バイパス　精算	57	002
新湘南バイパス				茅ヶ崎中央	一般道⇔新湘南バイパス　精算	57	005
新湘南バイパス				茅ヶ崎西		57	111
新湘南バイパス				茅ヶ崎海岸		57	003
八王子バイパス				御殿山	平成27年10月31日　無料開放	69	001
東富士五湖道路				富士吉田（本線含む）		70	001
東富士五湖道路				富士吉田（本線含む）		70	101
東富士五湖道路				須走		70	003
東富士五湖道路				富士吉田本線		01	443
安房峠道路				平湯		34	002
東海環状自動車道				豊田松平		01	181
東海環状自動車道				鞍ヶ池スマート		01	227
東海環状自動車道				鞍ヶ池スマート		01	228
東海環状自動車道				豊田勘八		01	182
東海環状自動車道				豊田藤岡		01	183
東海環状自動車道				せと赤津		01	184
東海環状自動車道				せと品野		01	185
東海環状自動車道				土岐南多治見		01	186
東海環状自動車道				五斗蒔スマート		01	226
東海環状自動車道				可児御嵩		01	187
東海環状自動車道				美濃加茂		01	188
東海環状自動車道				富加関		01	189
東海環状自動車道				関広見		06	190
東海環状自動車道				岐阜三輪スマート		06	196
東海環状自動車道				山県		06	191
東海環状自動車道				大野神戸		06	194
東海環状自動車道				大垣西		06	195
東海環状自動車道				養老		06	115
東海環状自動車道				東員		06	119
東海環状自動車道				大安		06	118
京都縦貫自動車道				長岡京（南）		04	901
京都縦貫自動車道				長岡京（北）		04	902
京都縦貫自動車道				大原野		04	903
京都縦貫自動車道				沓掛		04	904
京都縦貫自動車道				篠	平成25年4月20日迄	58	002
京都縦貫自動車道				篠	平成25年4月21日以降	04	905
京都縦貫自動車道				篠本線	平成25年4月20日迄	58	001
京都縦貫自動車道				篠本線	平成25年4月21日以降	04	906
京都縦貫自動車道				亀岡		58	003
京都縦貫自動車道				亀岡		58	013
京都縦貫自動車道				大井		58	004
京都縦貫自動車道				大井		58	014
京都縦貫自動車道				八木東		58	005
京都縦貫自動車道				八木東		58	015
京都縦貫自動車道				八木本線		58	006
京都縦貫自動車道				八木本線		04	912
京都縦貫自動車道				八木西		58	007
京都縦貫自動車道				八木西		04	913
京都縦貫自動車道				八木西		58	017
京都縦貫自動車道				園部		58	008
京都縦貫自動車道				園部		04	914
京都縦貫自動車道				丹波		04	915
第二京阪道路				山科		06	439
第二京阪道路				山科		23	008
第二京阪道路				鴨川東		06	438
第二京阪道路				鴨川西本線		06	437
第二京阪道路				鴨川西本線		23	007
第二京阪道路				鴨川西		06	436
第二京阪道路				鴨川西		23	006
第二京阪道路				上鳥羽		06	435
第二京阪道路				上鳥羽		23	005
第二京阪道路				城南宮北		06	434
第二京阪道路				城南宮北		23	004
第二京阪道路				城南宮南		06	433
第二京阪道路				城南宮南		23	003
第二京阪道路				伏見		06	432
第二京阪道路				伏見		23	002
第二京阪道路				巨椋池本線		01	141
第二京阪道路				巨椋池本線		06	431
第二京阪道路				巨椋池本線		06	990
第二京阪道路				巨椋池		01	136
第二京阪道路				久御山南		01	137
第二京阪道路				八幡東		01	138
第二京阪道路				京田辺本線	平成21年11月18日まで	01	139
第二京阪道路				京田辺本線	平成21年11月19日～平成22年3月20日まで	01	140
第二京阪道路				京田辺本線		06	493
第二京阪道路				京田辺本線		06	494
第二京阪道路				京田辺本線		06	495
第二京阪道路				京田辺本線		06	496
第二京阪道路				京田辺本線		06	497
第二京阪道路				京田辺本線		06	380
第二京阪道路				京田辺本線		06	381
第二京阪道路				京田辺本線		06	382
第二京阪道路				京田辺本線		06	383
第二京阪道路				京田辺本線		06	384
第二京阪道路				京田辺本線		06	385
第二京阪道路				京田辺本線		06	562
第二京阪道路				京田辺本線（下り）		06	498
第二京阪道路				京田辺本線（上り）		06	499
第二京阪道路				京田辺本線（上り）		06	502
第二京阪道路				京田辺松井		06	503
第二京阪道路				京田辺松井		06	451
第二京阪道路				京田辺松井		06	563
第二京阪道路				枚方東（上り）		06	504
第二京阪道路				枚方東（下り）		06	505
第二京阪道路				枚方東（下り）		06	523
第二京阪道路				枚方東（下り）		06	387
第二京阪道路				枚方東		06	452
第二京阪道路				枚方東		06	564
第二京阪道路				枚方学研		06	506
第二京阪道路				枚方学研		06	453
第二京阪道路				枚方学研		06	565
第二京阪道路				交野北（上り）		06	507
第二京阪道路				交野北（下り）		06	388
第二京阪道路				交野北		06	454
第二京阪道路				交野北		06	566
第二京阪道路				交野南（上り）		06	508
第二京阪道路				交野南（下り）		06	509
第二京阪道路				交野南		06	455
第二京阪道路				交野南		06	567
第二京阪道路				交野南		06	299
第二京阪道路				寝屋川北（下り）		06	510
第二京阪道路				寝屋川北（上り）		06	511
第二京阪道路				寝屋川北		06	456
第二京阪道路				寝屋川北		06	569
第二京阪道路				寝屋川南（上り）		06	512
第二京阪道路				寝屋川南（下り）		06	513
第二京阪道路				寝屋川南		06	457
第二京阪道路				寝屋川南		06	571
第二京阪道路				第二京阪門真（下り）		06	514
第二京阪道路				第二京阪門真（上り）		06	515
第二京阪道路				第二京阪門真		06	458
第二京阪道路				第二京阪門真		06	573
第二京阪道路				門真本線（合併）		06	518
第二京阪道路				門真本線		06	459
第二京阪道路				門真ＪＣＴ		06	992
京奈和自動車道	京奈道路			田辺北		53	001
京奈和自動車道	京奈道路			田辺北		53	011
京奈和自動車道	京奈道路			田辺西		53	002
京奈和自動車道	京奈道路			田辺西		53	012
京奈和自動車道	京奈道路			田辺西本線	奈良（木津）方面から京都（城陽）方面への本線で利用可能	53	003
京奈和自動車道	京奈道路			田辺西本線	奈良（木津）方面から京都（城陽）方面への本線で利用可能	53	022
京奈和自動車道	京奈道路			精華下狛		53	004
京奈和自動車道	京奈道路			精華下狛		53	014
京奈和自動車道	京奈道路			精華下狛本線	京都（城陽）方面から奈良（木津）方面への本線で利用可能	53	005
京奈和自動車道	京奈道路			精華下狛本線	京都（城陽）方面から奈良（木津）方面への本線で利用可能	53	024
京奈和自動車道	京奈道路			精華学研		53	006
京奈和自動車道	京奈道路			精華学研		53	016
京奈和自動車道	京奈道路			木津		53	007
京奈和自動車道	京奈道路			木津		53	017
湯浅御坊道路				有田南		06	091
湯浅御坊道路				湯浅		06	092
湯浅御坊道路				広川		06	093
湯浅御坊道路				広川南		06	096
湯浅御坊道路				川辺		06	094
湯浅御坊道路				御坊		06	095
第二神明道路				明石西本線（上り）		81	005
第二神明道路				明石西本線（上り）		81	015
第二神明道路				明石西本線（下り）		81	105
第二神明道路				明石西本線（下り）		81	115
第二神明道路				明石西		06	413
第二神明道路				大久保		81	004
第二神明道路				大久保		81	014
第二神明道路				大久保		81	027
第二神明道路				大久保		06	411
第二神明道路				大久保		06	412
第二神明道路				玉津		81	026
第二神明道路				玉津		06	410
第二神明道路				伊川谷		81	025
第二神明道路				伊川谷		06	409
第二神明道路				伊川谷ＪＣＴ		03	831
第二神明道路				伊川谷ＪＣＴ		03	832
第二神明道路				大蔵谷		81	024
第二神明道路				大蔵谷		06	408
第二神明道路				高丸		81	003
第二神明道路				高丸		81	013
第二神明道路				高丸		81	023
第二神明道路				高丸		06	406
第二神明道路				高丸		06	407
第二神明道路				名谷		81	002
第二神明道路				名谷		81	012
第二神明道路				名谷		81	022
第二神明道路				名谷		06	404
第二神明道路				名谷		06	405
第二神明道路				須磨本線		81	001
第二神明道路				須磨本線		81	011
第二神明道路				須磨本線		03	822
第二神明道路				須磨本線		06	400
第二神明道路				須磨本線（合併）		81	101
第二神明道路				須磨本線（合併）		81	111
第二神明道路				須磨本線（合併）		81	211
第二神明道路				須磨本線（合併）		06	401
第二神明道路				須磨本線（合併）		06	402
第二神明道路				須磨		81	021
第二神明道路				須磨		06	403
第二神明道路北線				長坂		81	028
第二神明道路北線				長坂		06	414
第二神明道路北線				学園南		81	006
第二神明道路北線				学園南		81	016
第二神明道路北線				学園南		06	415
第二神明道路北線				垂水第一		81	007
第二神明道路北線				垂水第一		81	017
第二神明道路北線				垂水第一		06	416
第二神明道路北線				垂水第一		06	418
第二神明道路北線				垂水第二		06	419
第二神明道路北線				垂水第三		81	008
第二神明道路北線				垂水第三		81	018
第二神明道路北線				垂水第三		06	417
第二神明道路北線				垂水ＪＣＴ		06	420
第二神明道路北線				垂水ＪＣＴ		81	009
関西国際空港連絡橋				関西国際空港	平成25年3月29日迄	47	002
関西国際空港連絡橋				関西国際空港	平成25年3月30日以降	47	102
関西国際空港連絡橋				関空橋税		47	103
広島岩国道路				廿日市		01	728
広島岩国道路				大野		01	729
広島岩国道路				大竹		01	730
広島呉道路				坂		90	101
広島呉道路				坂		09	270
広島呉道路				天応西		90	102
広島呉道路				天応		90	103
江津道路				江津		01	376
江津道路				江津西		01	375
江津道路				浜田東		01	374
今治小松自動車道				今治湯ノ浦		08	282
今治小松自動車道				東予丹原		08	283
今治小松自動車道				いよ小松北		08	284
長崎バイパス				川平		95	001
長崎バイパス				川平		95	011
長崎バイパス				川平（合併）		95	002
長崎バイパス				川平（合併）		95	012
長崎バイパス				川平（合併）		95	003
長崎バイパス				川平（合併）		95	103
長崎バイパス				川平（合併）		95	013
長崎バイパス				川平（合併）		95	113
長崎バイパス				川平本線（合併）		95	004
長崎バイパス				川平本線（合併）		95	014
西九州自動車道	福岡前原道路 	福岡県道路公社		福岡西		97	901
西九州自動車道	福岡前原道路 	福岡県道路公社		前原		97	902
西九州自動車道	福岡前原道路 	福岡県道路公社		今宿		97	903
西九州自動車道 	武雄佐世保道路			武雄南本線		59	001
西九州自動車道 	武雄佐世保道路			武雄南本線		59	011
西九州自動車道 	武雄佐世保道路			武雄南		59	002
西九州自動車道 	武雄佐世保道路			武雄南		59	012
西九州自動車道 	武雄佐世保道路			佐世保三川内本線		59	003
西九州自動車道 	武雄佐世保道路			佐世保三川内本線		59	013
西九州自動車道 	武雄佐世保道路			佐世保三川内		59	004
西九州自動車道 	武雄佐世保道路			佐世保三川内		59	014
西九州自動車道	佐世保道路			佐世保大塔		59	007
西九州自動車道	佐世保道路			佐世保大塔		59	017
西九州自動車道	佐世保道路			佐世保大塔本線		59	008
西九州自動車道	佐世保道路			佐世保大塔本線		59	018
東九州自動車道	椎田道路			築城		02	903
東九州自動車道	椎田道路			椎田		02	904
東九州自動車道	椎田道路			椎田南		02	905
東九州自動車道	宇佐別府道路			宇佐		02	909
東九州自動車道	宇佐別府道路			院内		01	883
東九州自動車道	宇佐別府道路			院内本線	平成26年9月16日迄	01	884
東九州自動車道	宇佐別府道路			安心院		01	882
東九州自動車道	宇佐別府道路			大分農業文化公園		01	885
東九州自動車道	宇佐別府道路			速見		01	881
東九州自動車道	宇佐別府道路			速見本線		01	886
日出バイパス				速見		96	001
八代日奈久道				八代南		02	337
八代日奈久道				日奈久		02	338
八代日奈久道				日奈久本線		02	379
東九州自動車道	延岡南道路			門川		14	001
東九州自動車道	延岡南道路			門川		14	011
東九州自動車道	延岡南道路			門川本線	平成26年2月19日迄	14	002
東九州自動車道	延岡南道路			延岡南		14	003
東九州自動車道	延岡南道路			日向		14	933
東九州自動車道	延岡南道路			門川南		14	945
南九州自動車道	鹿児島道路			松元		89	001
南九州自動車道	鹿児島道路			松元		89	101
南九州自動車道	鹿児島道路			松元本線		89	002
南九州自動車道	鹿児島道路			松元本線		89	102
南九州自動車道	鹿児島道路			美山本線		89	005
南九州自動車道	鹿児島道路			美山本線		89	105
南九州自動車道	隼人道路			隼人西		02	083
福岡高速道路		福岡北九州高速道路公社		太宰府本線		02	828
福岡高速道路		福岡北九州高速道路公社		福岡本線		02	830
北九州高速道路		福岡北九州高速道路公社		門司本線		02	839
北九州高速道路		福岡北九州高速道路公社		馬場山本線		02	840
山麓バイパス		神戸市道路公社		天王谷（本線）		98	001
山麓バイパス		神戸市道路公社		天王谷（インター）		98	002
新神戸トンネル		神戸市道路公社		箕谷（公社単独）	平成24年9月30日迄	98	003
新神戸トンネル		神戸市道路公社		箕谷（阪高合併）	平成24年9月30日迄	98	103
六甲北有料道路		神戸市道路公社		柳谷（公社単独）		98	004
六甲北有料道路		神戸市道路公社		有野		98	007
六甲北有料道路		神戸市道路公社		大沢		98	009
六甲北有料道路		神戸市道路公社		柳谷（阪高合併）		98	104
六甲有料道路		神戸市道路公社		六甲	平成19年12月11日迄	98	005
六甲有料道路		神戸市道路公社		六甲山トンネル		98	006
丹波綾部道路	京都縦貫自動車道	京都府道路公社		京丹波みずほ		04	916
丹波綾部道路	京都縦貫自動車道	京都府道路公社		京丹波わち		01	260
丹波綾部道路	京都縦貫自動車道	京都府道路公社		綾部安国寺		01	261
綾部宮津道路	京都縦貫自動車道	京都府道路公社		舞鶴大江		01	382
綾部宮津道路	京都縦貫自動車道	京都府道路公社		宮津天橋立		01	383
綾部宮津道路	京都縦貫自動車道	京都府道路公社		宮津天橋立本線		01	388
南阪奈有料道路		大阪府道路公社		たじはや	平成30年3月31日迄	45	001
南阪奈有料道路		大阪府道路公社		たじはや	平成30年3月31日迄	45	011
南阪奈有料道路		大阪府道路公社		たじはや合併	平成30年3月31日迄	45	002
南阪奈有料道路		大阪府道路公社		たじはや合併	平成30年3月31日迄	45	012
南阪奈有料道路		大阪府道路公社		美原東	平成30年3月31日迄	06	352
南阪奈有料道路		大阪府道路公社		羽曳野	平成30年3月31日迄	06	353
堺泉北有料道路		大阪府道路公社		平井本線	平成30年3月31日迄	26	041
堺泉北有料道路		大阪府道路公社		平井本線	平成30年3月31日迄	44	001
堺泉北有料道路		大阪府道路公社		平井本線	平成30年3月31日迄	26	141
堺泉北有料道路		大阪府道路公社		平井本線	平成30年3月31日迄	06	325
堺泉北有料道路		大阪府道路公社		平井本線	平成30年3月31日迄	06	326
堺泉北有料道路		大阪府道路公社		太平寺・平井	平成30年3月31日迄	44	002
堺泉北有料道路		大阪府道路公社		太平寺・平井	平成30年3月31日迄	44	102
堺泉北有料道路		大阪府道路公社		平井	平成30年3月31日迄	06	370
堺泉北有料道路		大阪府道路公社		太平寺	平成30年3月31日迄	06	371
堺泉北有料道路		大阪府道路公社		菱木本線	平成30年3月31日迄	44	004
堺泉北有料道路		大阪府道路公社		菱木本線	平成30年3月31日迄	44	104
堺泉北有料道路		大阪府道路公社		菱木本線	平成30年3月31日迄	06	042
堺泉北有料道路		大阪府道路公社		菱木本線	平成30年3月31日迄	06	373
堺泉北有料道路		大阪府道路公社		菱木本線	平成30年3月31日迄	06	374
堺泉北有料道路		大阪府道路公社		菱木本線	平成30年3月31日迄	06	375
堺泉北有料道路		大阪府道路公社		菱木	平成30年3月31日迄	06	372
堺泉北有料道路		大阪府道路公社		助松ＪＣＴ	平成30年3月31日迄	03	631
箕面グリーンロード		大阪府道路公社		止々呂美		33	001
箕面グリーンロード		大阪府道路公社		止々呂美		33	011
第二阪奈有料道路		大阪府道路公社・奈良県道路公社		小瀬本線	平成31年3月31日迄	42	001
第二阪奈有料道路		大阪府道路公社・奈良県道路公社		小瀬	平成31年3月31日迄	42	002
第二阪奈有料道路		大阪府道路公社・奈良県道路公社		壱分	平成31年3月31日迄	42	003
播但連絡道路		兵庫県道路公社		花田（均一）		01	150
播但連絡道路		兵庫県道路公社		花田（均一）		02	250
播但連絡道路		兵庫県道路公社		花田本線		01	151
播但連絡道路		兵庫県道路公社		花田		01	152
播但連絡道路		兵庫県道路公社		豊富		01	153
播但連絡道路		兵庫県道路公社		砥堀		01	154
播但連絡道路		兵庫県道路公社		船津		01	155
播但連絡道路		兵庫県道路公社		福崎南		01	156
播但連絡道路		兵庫県道路公社		福崎北		01	157
播但連絡道路		兵庫県道路公社		市川南		01	158
播但連絡道路		兵庫県道路公社		市川北		01	159
播但連絡道路		兵庫県道路公社		神崎南		01	160
播但連絡道路		兵庫県道路公社		神崎北		01	161
播但連絡道路		兵庫県道路公社		生野		01	162
播但連絡道路		兵庫県道路公社		生野北第一		01	163
播但連絡道路		兵庫県道路公社		生野北第二		01	164
播但連絡道路		兵庫県道路公社		朝来		01	165
播但連絡道路		兵庫県道路公社		和田山		01	166
播但連絡道路		兵庫県道路公社		和田山		01	167
遠阪トンネル		兵庫県道路公社		遠阪トンネル		01	149
遠阪トンネル		兵庫県道路公社		遠阪トンネル		88	249
常陸那珂有料道路		茨城県道路公社		ひたちなか本線		56	047
常陸那珂有料道路		茨城県道路公社		ひたちなか本線		56	147
流山有料道路		千葉県道路公社		流山	平成27年4月14日　無料開放	84	018
銚子連絡道路		千葉県道路公社		松尾横芝		03	113
銚子連絡道路		千葉県道路公社		松尾横芝		30	113
日立有料道路		茨城県道路公社		日立中央		55	019
能越自動車道		富山県道路公社		小矢部東本線		67	668
ながさき出島道路		長崎県道路公社		長崎本線		02	887
ながさき出島道路		長崎県道路公社		ながさき出島道路		85	888
川平有料道路		長崎県道路公社		川平		95	102
川平有料道路		長崎県道路公社		川平		95	112
川平有料道路		長崎県道路公社		川平本線		95	104
川平有料道路		長崎県道路公社		川平本線		95	114
広島高速１号線		広島高速道路公社		都市高速広島東入口		09	200
広島高速１号線		広島高速道路公社		都市高速広島東入口		38	200
広島高速１号線		広島高速道路公社		都市高速広島東料金所		09	201
広島高速１号線		広島高速道路公社		都市高速広島東料金所		38	201
広島高速１号線		広島高速道路公社		都市高速広島東料金所		09	209
広島高速１号線		広島高速道路公社		都市高速広島東料金所		38	209
広島高速１号線		広島高速道路公社		福田入口		09	210
広島高速１号線		広島高速道路公社		福田入口		38	210
広島高速１号線		広島高速道路公社		福田料金所		09	211
広島高速１号線		広島高速道路公社		福田料金所		38	211
広島高速１号線		広島高速道路公社		馬木入口		09	212
広島高速１号線		広島高速道路公社		馬木入口		38	212
広島高速１号線		広島高速道路公社		馬木料金所		09	213
広島高速１号線		広島高速道路公社		馬木料金所		38	213
広島高速１号線		広島高速道路公社		温品入口		09	214
広島高速１号線		広島高速道路公社		温品入口		38	214
広島高速１号線		広島高速道路公社		温品料金所		09	215
広島高速１号線		広島高速道路公社		温品料金所		38	215
広島高速１号線		広島高速道路公社		間所入口		09	216
広島高速１号線		広島高速道路公社		間所入口		38	216
広島高速１号線		広島高速道路公社		間所料金所		09	217
広島高速１号線		広島高速道路公社		間所料金所		38	217
広島高速２号線		広島高速道路公社		矢賀入口		09	220
広島高速２号線		広島高速道路公社		矢賀入口		38	220
広島高速２号線		広島高速道路公社		矢賀料金所		09	221
広島高速２号線		広島高速道路公社		矢賀料金所		38	221
広島高速２号線		広島高速道路公社		府中入口		09	222
広島高速２号線		広島高速道路公社		府中入口		38	222
広島高速２号線		広島高速道路公社		府中料金所		09	223
広島高速２号線		広島高速道路公社		府中料金所		38	223
広島高速２号線		広島高速道路公社		大州入口		09	226
広島高速２号線		広島高速道路公社		大州入口		38	226
広島高速２号線		広島高速道路公社		大州料金所		09	227
広島高速２号線		広島高速道路公社		大州料金所		38	227
広島高速２号線		広島高速道路公社		東雲入口		09	228
広島高速２号線		広島高速道路公社		東雲入口		38	228
広島高速２号線		広島高速道路公社		東雲料金所		09	229
広島高速２号線		広島高速道路公社		東雲料金所		38	229
広島高速２号線		広島高速道路公社		仁保入口		09	264
広島高速２号線		広島高速道路公社		仁保入口		38	264
広島高速２号線		広島高速道路公社		仁保料金所		09	265
広島高速２号線		広島高速道路公社		仁保料金所		38	265
広島高速３号線		広島高速道路公社		宇品入口		09	230
広島高速３号線		広島高速道路公社		宇品入口		38	230
広島高速３号線		広島高速道路公社		宇品料金所		09	231
広島高速３号線		広島高速道路公社		宇品料金所		38	231
広島高速３号線		広島高速道路公社		出島入口		09	232
広島高速３号線		広島高速道路公社		出島入口		38	232
広島高速３号線		広島高速道路公社		出島料金所		09	233
広島高速３号線		広島高速道路公社		出島料金所		38	233
広島高速３号線		広島高速道路公社		吉島入口		09	234
広島高速３号線		広島高速道路公社		吉島入口		38	234
広島高速３号線		広島高速道路公社		吉島料金所		09	235
広島高速３号線		広島高速道路公社		吉島料金所		38	235
広島高速３号線		広島高速道路公社		都市高速観音入口		09	236
広島高速３号線		広島高速道路公社		都市高速観音入口		38	236
広島高速３号線		広島高速道路公社		都市高速観音料金所		09	237
広島高速３号線		広島高速道路公社		都市高速観音料金所		38	237
広島高速４号線		広島高速道路公社		沼田上り		09	240
広島高速４号線		広島高速道路公社		沼田上り		38	240
広島高速４号線		広島高速道路公社		沼田下り		09	241
広島高速４号線		広島高速道路公社		沼田下り		38	241
臨港道路海田大橋		広島高速道路公社	広島県から受託	海田広島入口	広島高速道路入口	09	260
臨港道路海田大橋		広島高速道路公社	広島県から受託	海田広島入口	広島高速道路入口	38	260
臨港道路海田大橋		広島高速道路公社	広島県から受託	海田広島料金所	広島高速道路出口	09	261
臨港道路海田大橋		広島高速道路公社	広島県から受託	海田広島料金所	広島高速道路出口	38	261
臨港道路海田大橋		広島高速道路公社	広島県から受託	海田料金所（下り）	海田大橋	09	262
臨港道路海田大橋		広島高速道路公社	広島県から受託	海田料金所（下り）	海田大橋	38	262
臨港道路海田大橋		広島高速道路公社	広島県から受託	海田料金所（上り）	海田大橋	09	263
臨港道路海田大橋		広島高速道路公社	広島県から受託	海田料金所（上り）	海田大橋	38	263
広島呉道路			広島高速道路公社分	坂本線入口	広島高速道路入口	09	270
広島呉道路			広島高速道路公社分	坂本線入口	広島高速道路入口	38	270
広島呉道路			広島高速道路公社分	坂本線料金所	広島高速道路出口	09	271
広島呉道路			広島高速道路公社分	坂本線料金所	広島高速道路出口	38	271
山口宇部道路		山口県道路公社		嘉川・由良	平成24年3月28日　無料開放	01	354
山口宇部道路		山口県道路公社		阿知須	平成24年3月28日　無料開放	01	355
山口宇部道路		山口県道路公社		宇部東	平成24年3月28日　無料開放	01	356
山口宇部道路		山口県道路公社		宇部南	平成24年3月28日　無料開放	01	357
日光宇都宮道路		栃木県道路公社		篠井		73	005
日光宇都宮道路		栃木県道路公社		大沢本線		73	001
日光宇都宮道路		栃木県道路公社		大沢本線		73	011
日光宇都宮道路		栃木県道路公社		大沢		73	002
日光宇都宮道路		栃木県道路公社		大沢		73	012
日光宇都宮道路		栃木県道路公社		日光本線		73	003
日光宇都宮道路		栃木県道路公社		日光本線		73	013
日光宇都宮道路		栃木県道路公社		日光		73	004
日光宇都宮道路		栃木県道路公社		日光		73	014
指宿スカイライン		鹿児島県道路公社		山田		60	001
琵琶湖大橋有料道路		滋賀県道路公社		琵琶湖大橋有料道路		40	001
